product_id,product_name,category_path,top_category,leaf_category
172,חולצה לרכב,יום המשפחה > יום המשפחה > חולצה לרכב > חולצה לרכב,יום המשפחה,חולצה לרכב
177,מחזיק מפתחות מלבן,יום המשפחה > יום המשפחה > מחזיק מפתחות מלבן > מחזיק מפתחות מלבן,יום המשפחה,מחזיק מפתחות מלבן
42,שעון עץ לתליה,יום המשפחה > יום המשפחה > שעון עץ לתליה > שעון עץ לתליה,יום המשפחה,שעון עץ לתליה
100,בקבוק תרמי נירוסטה כפולה,בקבוק תרמי נירוסטה כפולה > בקבוק תרמי נירוסטה כפולה,בקבוק תרמי נירוסטה כפולה,בקבוק תרמי נירוסטה כפולה
103,תיק גן + בקבוק + קופסת אוכל תואמים,תיק גן + בקבוק + קופסת אוכל תואמים > תיק גן + בקבוק + קופסת אוכל תואמים,תיק גן + בקבוק + קופסת אוכל תואמים,תיק גן + בקבוק + קופסת אוכל תואמים
106,תיק גן דפוס חד קרן,תיק גן דפוס חד קרן > תיק גן דפוס חד קרן,תיק גן דפוס חד קרן,תיק גן דפוס חד קרן
107,תיק גן בעיצוב דינוזאור,תיק גן בעיצוב דינוזאור > תיק גן בעיצוב דינוזאור,תיק גן בעיצוב דינוזאור,תיק גן בעיצוב דינוזאור
108,תיק גן אריה,תיק גן אריה > תיק גן אריה,תיק גן אריה,תיק גן אריה
110,תיק גן מרוץ מכוניות,תיק גן מרוץ מכוניות > תיק גן מרוץ מכוניות,תיק גן מרוץ מכוניות,תיק גן מרוץ מכוניות
111,תיק גן דפוס פלמינגו,תיק גן דפוס פלמינגו > תיק גן דפוס פלמינגו,תיק גן דפוס פלמינגו,תיק גן דפוס פלמינגו
112,תיק גן כדורגל,תיק גן כדורגל > תיק גן כדורגל,תיק גן כדורגל,תיק גן כדורגל
113,תיק גן אופנוען,תיק גן אופנוען > תיק גן אופנוען,תיק גן אופנוען,תיק גן אופנוען
115,תיק גן חיוכים,תיק גן חיוכים > תיק גן חיוכים,תיק גן חיוכים,תיק גן חיוכים
116,תיק גן בהדפס ציפורים,תיק גן בהדפס ציפורים > תיק גן בהדפס ציפורים,תיק גן בהדפס ציפורים,תיק גן בהדפס ציפורים
117,תיק גן חלל,תיק גן חלל > תיק גן חלל,תיק גן חלל,תיק גן חלל
118,תיק גן על חלל,תיק גן על חלל > תיק גן על חלל,תיק גן על חלל,תיק גן על חלל
119,תיק גן שיש זהב,תיק גן שיש זהב > תיק גן שיש זהב,תיק גן שיש זהב,תיק גן שיש זהב
120,תיק גן מכונית מרוץ,תיק גן מכונית מרוץ > תיק גן מכונית מרוץ,תיק גן מכונית מרוץ,תיק גן מכונית מרוץ
121,תיק גן ילד צבעוני,תיק גן ילד צבעוני > תיק גן ילד צבעוני,תיק גן ילד צבעוני,תיק גן ילד צבעוני
122,תיק גן גלידה,תיק גן גלידה > תיק גן גלידה,תיק גן גלידה,תיק גן גלידה
123,תיק גן קשקושים,תיק גן קשקושים > תיק גן קשקושים,תיק גן קשקושים,תיק גן קשקושים
124,תיק גן טרקטורים,תיק גן טרקטורים > תיק גן טרקטורים,תיק גן טרקטורים,תיק גן טרקטורים
125,תיק גן גיבור על,תיק גן גיבור על > תיק גן גיבור על,תיק גן גיבור על,תיק גן גיבור על
126,תיק גן מנצנץ,תיק גן מנצנץ > תיק גן מנצנץ,תיק גן מנצנץ,תיק גן מנצנץ
127,תיק גן חד קרן ונסיכות,תיק גן חד קרן ונסיכות > תיק גן חד קרן ונסיכות,תיק גן חד קרן ונסיכות,תיק גן חד קרן ונסיכות
128,תיק גן חד קרן פסטל,תיק גן חד קרן פסטל > תיק גן חד קרן פסטל,תיק גן חד קרן פסטל,תיק גן חד קרן פסטל
129,תיק גן חתולה,תיק גן חתולה > תיק גן חתולה,תיק גן חתולה,תיק גן חתולה
130,תיק גן גרפיטי,תיק גן גרפיטי > תיק גן גרפיטי,תיק גן גרפיטי,תיק גן גרפיטי
131,תיק גן גרפיטי נקי,תיק גן גרפיטי נקי > תיק גן גרפיטי נקי,תיק גן גרפיטי נקי,תיק גן גרפיטי נקי
132,תיק פרפרים,תיק פרפרים > תיק פרפרים,תיק פרפרים,תיק פרפרים
133,תיק גן רב חובל,תיק גן רב חובל > תיק גן רב חובל,תיק גן רב חובל,תיק גן רב חובל
134,תיק גן לב - גיאומטרי,תיק גן לב - גיאומטרי > תיק גן לב - גיאומטרי,תיק גן לב - גיאומטרי,תיק גן לב - גיאומטרי
135,תיק גן בעיצוב אישי,תיק גן בעיצוב אישי > תיק גן בעיצוב אישי,תיק גן בעיצוב אישי,תיק גן בעיצוב אישי
136,תיק גן - משחק מחשב,תיק גן - משחק מחשב > תיק גן - משחק מחשב,תיק גן - משחק מחשב,תיק גן - משחק מחשב
137,תיק גן עיצוב בטון,תיק גן עיצוב בטון > תיק גן עיצוב בטון,תיק גן עיצוב בטון,תיק גן עיצוב בטון
138,תיק גן - הכוכב שלי,תיק גן - הכוכב שלי > תיק גן - הכוכב שלי,תיק גן - הכוכב שלי,תיק גן - הכוכב שלי
139,תיק גן - אימוג'י,תיק גן - אימוג'י > תיק גן - אימוג'י,תיק גן - אימוג'י,תיק גן - אימוג'י
140,תיק גן - חתולים וצבעים,תיק גן - חתולים וצבעים > תיק גן - חתולים וצבעים,תיק גן - חתולים וצבעים,תיק גן - חתולים וצבעים
141,תיק גן - הולוגרמה,תיק גן - הולוגרמה > תיק גן - הולוגרמה,תיק גן - הולוגרמה,תיק גן - הולוגרמה
142,תיק גן - בטבע,תיק גן - בטבע > תיק גן - בטבע,תיק גן - בטבע,תיק גן - בטבע
143,תיק גן - כדורגל,תיק גן - כדורגל > תיק גן - כדורגל,תיק גן - כדורגל,תיק גן - כדורגל
144,תיק גן - חלונות,תיק גן - חלונות > תיק גן - חלונות,תיק גן - חלונות,תיק גן - חלונות
145,תיק גן - כוכבים,תיק גן - כוכבים > תיק גן - כוכבים,תיק גן - כוכבים,תיק גן - כוכבים
153,שעון מעורר מחליף צבעים,שעון מעורר מחליף צבעים > שעון מעורר מחליף צבעים,שעון מעורר מחליף צבעים,שעון מעורר מחליף צבעים
16,עידוד לבידוד לילד,עידוד לבידוד לילד > עידוד לבידוד לילד,עידוד לבידוד לילד,עידוד לבידוד לילד
162,נרות חנוכה בשקית סאטן + סביבון פשוט,נרות חנוכה בשקית סאטן + סביבון פשוט > נרות חנוכה בשקית סאטן + סביבון פשוט,נרות חנוכה בשקית סאטן + סביבון פשוט,נרות חנוכה בשקית סאטן + סביבון פשוט
167,מטריה מתקפלת,מטריה מתקפלת > מטריה מתקפלת,מטריה מתקפלת,מטריה מתקפלת
169,מטריה צבעונית (ללא מיתוג),מטריה צבעונית (ללא מיתוג) > מטריה צבעונית (ללא מיתוג),מטריה צבעונית (ללא מיתוג),מטריה צבעונית (ללא מיתוג)
17,מגבת קפוצ'ון עם תמונה או שם - 100% כותנה,מגבת קפוצ'ון עם תמונה או שם - 100% כותנה > מגבת קפוצ'ון עם תמונה או שם - 100% כותנה,מגבת קפוצ'ון עם תמונה או שם - 100% כותנה,מגבת קפוצ'ון עם תמונה או שם - 100% כותנה
170,מיני חנוכיה,מיני חנוכיה > מיני חנוכיה,מיני חנוכיה,מיני חנוכיה
171,מארז חנוכיית אלומיניום + קופת קסמים וסביבון פשוט,מארז חנוכיית אלומיניום + קופת קסמים וסביבון פשוט > מארז חנוכיית אלומיניום + קופת קסמים וסביבון פשוט,מארז חנוכיית אלומיניום + קופת קסמים וסביבון פשוט,מארז חנוכיית אלומיניום + קופת קסמים וסביבון פשוט
173,פד לעכבר עם ציור הילד,פד לעכבר עם ציור הילד > פד לעכבר עם ציור הילד,פד לעכבר עם ציור הילד,פד לעכבר עם ציור הילד
174,רשימת קניות למקרר עם תמונה ומגנט,רשימת קניות למקרר עם תמונה ומגנט > רשימת קניות למקרר עם תמונה ומגנט,רשימת קניות למקרר עם תמונה ומגנט,רשימת קניות למקרר עם תמונה ומגנט
175,ספל ליום המשפחה,ספל ליום המשפחה > ספל ליום המשפחה,ספל ליום המשפחה,ספל ליום המשפחה
176,סט 4 תחתיות לספלים עם משפטי השראה,סט 4 תחתיות לספלים עם משפטי השראה > סט 4 תחתיות לספלים עם משפטי השראה,סט 4 תחתיות לספלים עם משפטי השראה,סט 4 תחתיות לספלים עם משפטי השראה
177,מחזיק מפתחות מלבן,מחזיק מפתחות מלבן > מחזיק מפתחות מלבן,מחזיק מפתחות מלבן,מחזיק מפתחות מלבן
178,משחק מגנטים בלעדי,משחק מגנטים בלעדי > משחק מגנטים בלעדי,משחק מגנטים בלעדי,משחק מגנטים בלעדי
179,עציץ מתכת ממותג,עציץ מתכת ממותג > עציץ מתכת ממותג,עציץ מתכת ממותג,עציץ מתכת ממותג
18,בגד גוף בעיצוב אישי,בגד גוף בעיצוב אישי > בגד גוף בעיצוב אישי,בגד גוף בעיצוב אישי,בגד גוף בעיצוב אישי
180,ערכת שתילה לקטנטנים,ערכת שתילה לקטנטנים > ערכת שתילה לקטנטנים,ערכת שתילה לקטנטנים,ערכת שתילה לקטנטנים
184,משלוח מתנות מעוצב,משלוח מתנות מעוצב > משלוח מתנות מעוצב,משלוח מתנות מעוצב,משלוח מתנות מעוצב
185,שקית של שמחה,שקית של שמחה > שקית של שמחה,שקית של שמחה,שקית של שמחה
186,שק מטבעות אישי,שק מטבעות אישי > שק מטבעות אישי,שק מטבעות אישי,שק מטבעות אישי
187,שקית סאטן למשלוח מנות,שקית סאטן למשלוח מנות > שקית סאטן למשלוח מנות,שקית סאטן למשלוח מנות,שקית סאטן למשלוח מנות
190,שקית אפיקומן,שקית אפיקומן > שקית אפיקומן,שקית אפיקומן,שקית אפיקומן
192,סינר אל בד לצביעה לפסח,סינר אל בד לצביעה לפסח > סינר אל בד לצביעה לפסח,סינר אל בד לצביעה לפסח,סינר אל בד לצביעה לפסח
193,שקית לאפיקומן אל בד לצביעה,שקית לאפיקומן אל בד לצביעה > שקית לאפיקומן אל בד לצביעה,שקית לאפיקומן אל בד לצביעה,שקית לאפיקומן אל בד לצביעה
194,משחק זיכרון לפסח,משחק זיכרון לפסח > משחק זיכרון לפסח,משחק זיכרון לפסח,משחק זיכרון לפסח
195,תיק אלבד + פטיש מתנפח ודגל,תיק אלבד + פטיש מתנפח ודגל > תיק אלבד + פטיש מתנפח ודגל,תיק אלבד + פטיש מתנפח ודגל,תיק אלבד + פטיש מתנפח ודגל
197,מארז יצירה לפסח בתיק ממותג,מארז יצירה לפסח בתיק ממותג > מארז יצירה לפסח בתיק ממותג,מארז יצירה לפסח בתיק ממותג,מארז יצירה לפסח בתיק ממותג
199,תיק שרוך,תיק שרוך > תיק שרוך,תיק שרוך,תיק שרוך
20,הדפסה על אבן בזלת,הדפסה על אבן בזלת > הדפסה על אבן בזלת,הדפסה על אבן בזלת,הדפסה על אבן בזלת
200,בקבוק ספורט נירוסטה,בקבוק ספורט נירוסטה > בקבוק ספורט נירוסטה,בקבוק ספורט נירוסטה,בקבוק ספורט נירוסטה
201,מגבת קפוצ'ון,מגבת קפוצ'ון > מגבת קפוצ'ון,מגבת קפוצ'ון,מגבת קפוצ'ון
202,מגבת קפוצ'ון,מגבת קפוצ'ון > מגבת קפוצ'ון,מגבת קפוצ'ון,מגבת קפוצ'ון
203,מגבת קפוצ'ון,מגבת קפוצ'ון > מגבת קפוצ'ון,מגבת קפוצ'ון,מגבת קפוצ'ון
204,מגבת קפוצ'ון,מגבת קפוצ'ון > מגבת קפוצ'ון,מגבת קפוצ'ון,מגבת קפוצ'ון
205,מגבת קפוצ'ון,מגבת קפוצ'ון > מגבת קפוצ'ון,מגבת קפוצ'ון,מגבת קפוצ'ון
207,מגבת קפוצ'ון,מגבת קפוצ'ון > מגבת קפוצ'ון,מגבת קפוצ'ון,מגבת קפוצ'ון
208,מגבת קפוצ'ון,מגבת קפוצ'ון > מגבת קפוצ'ון,מגבת קפוצ'ון,מגבת קפוצ'ון
209,בקבוק ספורט נירוסטה,בקבוק ספורט נירוסטה > בקבוק ספורט נירוסטה,בקבוק ספורט נירוסטה,בקבוק ספורט נירוסטה
21,כדור שלג לבבות,כדור שלג לבבות > כדור שלג לבבות,כדור שלג לבבות,כדור שלג לבבות
210,בקבוק ספורט נירוסטה,בקבוק ספורט נירוסטה > בקבוק ספורט נירוסטה,בקבוק ספורט נירוסטה,בקבוק ספורט נירוסטה
211,בקבוק ספורט נירוסטה,בקבוק ספורט נירוסטה > בקבוק ספורט נירוסטה,בקבוק ספורט נירוסטה,בקבוק ספורט נירוסטה
212,בקבוק ספורט נירוסטה,בקבוק ספורט נירוסטה > בקבוק ספורט נירוסטה,בקבוק ספורט נירוסטה,בקבוק ספורט נירוסטה
213,בקבוק ספורט נירוסטה,בקבוק ספורט נירוסטה > בקבוק ספורט נירוסטה,בקבוק ספורט נירוסטה,בקבוק ספורט נירוסטה
214,בקבוק ספורט נירוסטה,בקבוק ספורט נירוסטה > בקבוק ספורט נירוסטה,בקבוק ספורט נירוסטה,בקבוק ספורט נירוסטה
216,בקבוק ספורט נירוסטה,בקבוק ספורט נירוסטה > בקבוק ספורט נירוסטה,בקבוק ספורט נירוסטה,בקבוק ספורט נירוסטה
217,תיק שרוך,תיק שרוך > תיק שרוך,תיק שרוך,תיק שרוך
218,תיק שרוך,תיק שרוך > תיק שרוך,תיק שרוך,תיק שרוך
219,תיק שרוך,תיק שרוך > תיק שרוך,תיק שרוך,תיק שרוך
22,שלט עץ טבעי לבית,שלט עץ טבעי לבית > שלט עץ טבעי לבית,שלט עץ טבעי לבית,שלט עץ טבעי לבית
220,תיק שרוך,תיק שרוך > תיק שרוך,תיק שרוך,תיק שרוך
221,תיק שרוך,תיק שרוך > תיק שרוך,תיק שרוך,תיק שרוך
222,תיק שרוך,תיק שרוך > תיק שרוך,תיק שרוך,תיק שרוך
223,תיק שרוך,תיק שרוך > תיק שרוך,תיק שרוך,תיק שרוך
224,תיק שרוך,תיק שרוך > תיק שרוך,תיק שרוך,תיק שרוך
225,תיק שרוך,תיק שרוך > תיק שרוך,תיק שרוך,תיק שרוך
227,הדום עם אחסון לצעצועים,הדום עם אחסון לצעצועים > הדום עם אחסון לצעצועים,הדום עם אחסון לצעצועים,הדום עם אחסון לצעצועים
228,הדום עם אחסון לצעצועים,הדום עם אחסון לצעצועים > הדום עם אחסון לצעצועים,הדום עם אחסון לצעצועים,הדום עם אחסון לצעצועים
229,הדום עם אחסון לצעצועים,הדום עם אחסון לצעצועים > הדום עם אחסון לצעצועים,הדום עם אחסון לצעצועים,הדום עם אחסון לצעצועים
23,בלוק עץ 15*10 הדפסה ישירה,בלוק עץ 15*10 הדפסה ישירה > בלוק עץ 15*10 הדפסה ישירה,בלוק עץ 15*10 הדפסה ישירה,בלוק עץ 15*10 הדפסה ישירה
230,הדום עם אחסון לצעצועים,הדום עם אחסון לצעצועים > הדום עם אחסון לצעצועים,הדום עם אחסון לצעצועים,הדום עם אחסון לצעצועים
231,הדום עם אחסון לצעצועים,הדום עם אחסון לצעצועים > הדום עם אחסון לצעצועים,הדום עם אחסון לצעצועים,הדום עם אחסון לצעצועים
232,משקפי שמש עם כיסוי ממותג,משקפי שמש עם כיסוי ממותג > משקפי שמש עם כיסוי ממותג,משקפי שמש עם כיסוי ממותג,משקפי שמש עם כיסוי ממותג
233,משקפי שמש עם כיסוי ממותג,משקפי שמש עם כיסוי ממותג > משקפי שמש עם כיסוי ממותג,משקפי שמש עם כיסוי ממותג,משקפי שמש עם כיסוי ממותג
234,משקפי שמש עם כיסוי ממותג,משקפי שמש עם כיסוי ממותג > משקפי שמש עם כיסוי ממותג,משקפי שמש עם כיסוי ממותג,משקפי שמש עם כיסוי ממותג
235,משקפי שמש עם כיסוי ממותג,משקפי שמש עם כיסוי ממותג > משקפי שמש עם כיסוי ממותג,משקפי שמש עם כיסוי ממותג,משקפי שמש עם כיסוי ממותג
236,משקפי שמש עם כיסוי ממותג,משקפי שמש עם כיסוי ממותג > משקפי שמש עם כיסוי ממותג,משקפי שמש עם כיסוי ממותג,משקפי שמש עם כיסוי ממותג
237,משקפי שמש עם כיסוי ממותג,משקפי שמש עם כיסוי ממותג > משקפי שמש עם כיסוי ממותג,משקפי שמש עם כיסוי ממותג,משקפי שמש עם כיסוי ממותג
238,משקפי שמש עם כיסוי ממותג,משקפי שמש עם כיסוי ממותג > משקפי שמש עם כיסוי ממותג,משקפי שמש עם כיסוי ממותג,משקפי שמש עם כיסוי ממותג
239,משקפי שמש עם כיסוי ממותג,משקפי שמש עם כיסוי ממותג > משקפי שמש עם כיסוי ממותג,משקפי שמש עם כיסוי ממותג,משקפי שמש עם כיסוי ממותג
24,חוקי הבית - הדפסה על אלומיניום עם מגנט,חוקי הבית - הדפסה על אלומיניום עם מגנט > חוקי הבית - הדפסה על אלומיניום עם מגנט,חוקי הבית - הדפסה על אלומיניום עם מגנט,חוקי הבית - הדפסה על אלומיניום עם מגנט
240,משקפי שמש עם כיסוי ממותג,משקפי שמש עם כיסוי ממותג > משקפי שמש עם כיסוי ממותג,משקפי שמש עם כיסוי ממותג,משקפי שמש עם כיסוי ממותג
241,כיסא חוף ממותג,כיסא חוף ממותג > כיסא חוף ממותג,כיסא חוף ממותג,כיסא חוף ממותג
243,כיסא חוף ממותג,כיסא חוף ממותג > כיסא חוף ממותג,כיסא חוף ממותג,כיסא חוף ממותג
244,כיסא חוף ממותג,כיסא חוף ממותג > כיסא חוף ממותג,כיסא חוף ממותג,כיסא חוף ממותג
245,כיסא חוף ממותג,כיסא חוף ממותג > כיסא חוף ממותג,כיסא חוף ממותג,כיסא חוף ממותג
246,כיסא חוף ממותג,כיסא חוף ממותג > כיסא חוף ממותג,כיסא חוף ממותג,כיסא חוף ממותג
247,כיסא חוף ממותג,כיסא חוף ממותג > כיסא חוף ממותג,כיסא חוף ממותג,כיסא חוף ממותג
248,כיסא חוף ממותג,כיסא חוף ממותג > כיסא חוף ממותג,כיסא חוף ממותג,כיסא חוף ממותג
249,כיסא חוף ממותג,כיסא חוף ממותג > כיסא חוף ממותג,כיסא חוף ממותג,כיסא חוף ממותג
250,ספל פלסטיק לילדים,ספל פלסטיק לילדים > ספל פלסטיק לילדים,ספל פלסטיק לילדים,ספל פלסטיק לילדים
251,ספל פלסטיק לילדים,ספל פלסטיק לילדים > ספל פלסטיק לילדים,ספל פלסטיק לילדים,ספל פלסטיק לילדים
252,ספל פלסטיק לילדים,ספל פלסטיק לילדים > ספל פלסטיק לילדים,ספל פלסטיק לילדים,ספל פלסטיק לילדים
253,ספל פלסטיק לילדים,ספל פלסטיק לילדים > ספל פלסטיק לילדים,ספל פלסטיק לילדים,ספל פלסטיק לילדים
254,ספל פלסטיק לילדים,ספל פלסטיק לילדים > ספל פלסטיק לילדים,ספל פלסטיק לילדים,ספל פלסטיק לילדים
255,ספל פלסטיק לילדים,ספל פלסטיק לילדים > ספל פלסטיק לילדים,ספל פלסטיק לילדים,ספל פלסטיק לילדים
256,תיק גן איכותי,תיק גן איכותי > תיק גן איכותי,תיק גן איכותי,תיק גן איכותי
257,תיק גן איכותי,תיק גן איכותי > תיק גן איכותי,תיק גן איכותי,תיק גן איכותי
26,ספל הוקרה לצוות,ספל הוקרה לצוות > ספל הוקרה לצוות,ספל הוקרה לצוות,ספל הוקרה לצוות
264,תיק גן איכותי,תיק גן איכותי > תיק גן איכותי,תיק גן איכותי,תיק גן איכותי
265,תיק גן איכותי,תיק גן איכותי > תיק גן איכותי,תיק גן איכותי,תיק גן איכותי
266,תיק גן איכותי,תיק גן איכותי > תיק גן איכותי,תיק גן איכותי,תיק גן איכותי
27,כיפה / מטפחת עם שם,כיפה / מטפחת עם שם > כיפה / מטפחת עם שם,כיפה / מטפחת עם שם,כיפה / מטפחת עם שם
270,תיק גן איכותי,תיק גן איכותי > תיק גן איכותי,תיק גן איכותי,תיק גן איכותי
271,תיק גן איכותי,תיק גן איכותי > תיק גן איכותי,תיק גן איכותי,תיק גן איכותי
272,תיק גן איכותי,תיק גן איכותי > תיק גן איכותי,תיק גן איכותי,תיק גן איכותי
274,כורסא מתנפחת לילד,כורסא מתנפחת לילד > כורסא מתנפחת לילד,כורסא מתנפחת לילד,כורסא מתנפחת לילד
276,כורסא מתנפחת לילד,כורסא מתנפחת לילד > כורסא מתנפחת לילד,כורסא מתנפחת לילד,כורסא מתנפחת לילד
277,כורסא מתנפחת לילד,כורסא מתנפחת לילד > כורסא מתנפחת לילד,כורסא מתנפחת לילד,כורסא מתנפחת לילד
278,כורסא מתנפחת לילד,כורסא מתנפחת לילד > כורסא מתנפחת לילד,כורסא מתנפחת לילד,כורסא מתנפחת לילד
279,מזוודת צבעים אישית,מזוודת צבעים אישית > מזוודת צבעים אישית,מזוודת צבעים אישית,מזוודת צבעים אישית
28,פאזל עץ עם תמונת הילד,פאזל עץ עם תמונת הילד > פאזל עץ עם תמונת הילד,פאזל עץ עם תמונת הילד,פאזל עץ עם תמונת הילד
281,פיג'מה קצרה עם שם הילד,פיג'מה קצרה עם שם הילד > פיג'מה קצרה עם שם הילד,פיג'מה קצרה עם שם הילד,פיג'מה קצרה עם שם הילד
282,כותונת לילה לילדות,כותונת לילה לילדות > כותונת לילה לילדות,כותונת לילה לילדות,כותונת לילה לילדות
283,סינר אוכל לתינוק עם שם,סינר אוכל לתינוק עם שם > סינר אוכל לתינוק עם שם,סינר אוכל לתינוק עם שם,סינר אוכל לתינוק עם שם
284,סולמות ונחשים עם תמונות הילדים - מינ' 10 יחידות,סולמות ונחשים עם תמונות הילדים - מינ' 10 יחידות > סולמות ונחשים עם תמונות הילדים - מינ' 10 יחידות,סולמות ונחשים עם תמונות הילדים - מינ' 10 יחידות,סולמות ונחשים עם תמונות הילדים - מינ' 10 יחידות
285,קלמר ג'ינס תא אחד,קלמר ג'ינס תא אחד > קלמר ג'ינס תא אחד,קלמר ג'ינס תא אחד,קלמר ג'ינס תא אחד
286,תמונה במסגרת לתליה - אפקט גרפיטי,תמונה במסגרת לתליה - אפקט גרפיטי > תמונה במסגרת לתליה - אפקט גרפיטי,תמונה במסגרת לתליה - אפקט גרפיטי,תמונה במסגרת לתליה - אפקט גרפיטי
288,קופת חיסכון קרמיקה / מתכת,קופת חיסכון קרמיקה / מתכת > קופת חיסכון קרמיקה / מתכת,קופת חיסכון קרמיקה / מתכת,קופת חיסכון קרמיקה / מתכת
289,בלוק עץ קריקטורה,בלוק עץ קריקטורה > בלוק עץ קריקטורה,בלוק עץ קריקטורה,בלוק עץ קריקטורה
29,הגדה + כיפה,הגדה + כיפה > הגדה + כיפה,הגדה + כיפה,הגדה + כיפה
290,משחק קופסה בלעדי! - החברים שלי,משחק קופסה בלעדי! - החברים שלי > משחק קופסה בלעדי! - החברים שלי,משחק קופסה בלעדי! - החברים שלי,משחק קופסה בלעדי! - החברים שלי
291,עץ ריח עם תמונה,עץ ריח עם תמונה > עץ ריח עם תמונה,עץ ריח עם תמונה,עץ ריח עם תמונה
292,קרש חיתוך עם חריטה בלייזר,קרש חיתוך עם חריטה בלייזר > קרש חיתוך עם חריטה בלייזר,קרש חיתוך עם חריטה בלייזר,קרש חיתוך עם חריטה בלייזר
293,מארז קיץ מפנק לילדים ונוער,מארז קיץ מפנק לילדים ונוער > מארז קיץ מפנק לילדים ונוער,מארז קיץ מפנק לילדים ונוער,מארז קיץ מפנק לילדים ונוער
294,מארז ספורט לילדים,מארז ספורט לילדים > מארז ספורט לילדים,מארז ספורט לילדים,מארז ספורט לילדים
295,חוברת צביעה עם איורי הילדים,חוברת צביעה עם איורי הילדים > חוברת צביעה עם איורי הילדים,חוברת צביעה עם איורי הילדים,חוברת צביעה עם איורי הילדים
296,מזוודת צבעים אישית + חוברת צביעה של איורי הילדים,מזוודת צבעים אישית + חוברת צביעה של איורי הילדים > מזוודת צבעים אישית + חוברת צביעה של איורי הילדים,מזוודת צבעים אישית + חוברת צביעה של איורי הילדים,מזוודת צבעים אישית + חוברת צביעה של איורי הילדים
297,מעמד שולחני לנייד,מעמד שולחני לנייד > מעמד שולחני לנייד,מעמד שולחני לנייד,מעמד שולחני לנייד
298,מטקות עם כלי משחק לשש בש דמקה ושחמט,מטקות עם כלי משחק לשש בש דמקה ושחמט > מטקות עם כלי משחק לשש בש דמקה ושחמט,מטקות עם כלי משחק לשש בש דמקה ושחמט,מטקות עם כלי משחק לשש בש דמקה ושחמט
299,תיק כותנה בשילוב יוטה,תיק כותנה בשילוב יוטה > תיק כותנה בשילוב יוטה,תיק כותנה בשילוב יוטה,תיק כותנה בשילוב יוטה
300,סוללת גיבוי 5000MAH מבמבוק,סוללת גיבוי 5000MAH מבמבוק > סוללת גיבוי 5000MAH מבמבוק,סוללת גיבוי 5000MAH מבמבוק,סוללת גיבוי 5000MAH מבמבוק
301,בקבוק תרמי איכותי SWISS,בקבוק תרמי איכותי SWISS > בקבוק תרמי איכותי SWISS,בקבוק תרמי איכותי SWISS,בקבוק תרמי איכותי SWISS
302,קופסת אוכל מחולקת איכותית בשילוב עץ,קופסת אוכל מחולקת איכותית בשילוב עץ > קופסת אוכל מחולקת איכותית בשילוב עץ,קופסת אוכל מחולקת איכותית בשילוב עץ,קופסת אוכל מחולקת איכותית בשילוב עץ
303,ערסל מים מתנפח,ערסל מים מתנפח > ערסל מים מתנפח,ערסל מים מתנפח,ערסל מים מתנפח
304,תיק ים שקוף,תיק ים שקוף > תיק ים שקוף,תיק ים שקוף,תיק ים שקוף
305,סט כלי כתיבה מבמבוק באריזת מתנה,סט כלי כתיבה מבמבוק באריזת מתנה > סט כלי כתיבה מבמבוק באריזת מתנה,סט כלי כתיבה מבמבוק באריזת מתנה,סט כלי כתיבה מבמבוק באריזת מתנה
306,בקבוק שתייה שקוף בשילוב נירוסטה,בקבוק שתייה שקוף בשילוב נירוסטה > בקבוק שתייה שקוף בשילוב נירוסטה,בקבוק שתייה שקוף בשילוב נירוסטה,בקבוק שתייה שקוף בשילוב נירוסטה
307,סט אפיה 9 חלקים,סט אפיה 9 חלקים > סט אפיה 9 חלקים,סט אפיה 9 חלקים,סט אפיה 9 חלקים
308,כובע רשת לילדים,כובע רשת לילדים > כובע רשת לילדים,כובע רשת לילדים,כובע רשת לילדים
309,האג מאג תרמי נירוסטה,האג מאג תרמי נירוסטה > האג מאג תרמי נירוסטה,האג מאג תרמי נירוסטה,האג מאג תרמי נירוסטה
310,רמקול בלוטוס מחליף צבעים,רמקול בלוטוס מחליף צבעים > רמקול בלוטוס מחליף צבעים,רמקול בלוטוס מחליף צבעים,רמקול בלוטוס מחליף צבעים
311,סט מוכנים לים,סט מוכנים לים > סט מוכנים לים,סט מוכנים לים,סט מוכנים לים
312,תיק יוטה + בקבוק תרמי,תיק יוטה + בקבוק תרמי > תיק יוטה + בקבוק תרמי,תיק יוטה + בקבוק תרמי,תיק יוטה + בקבוק תרמי
313,בקבוק נירוסטה איכותי עם פיה נשלפת בלחציה,בקבוק נירוסטה איכותי עם פיה נשלפת בלחציה > בקבוק נירוסטה איכותי עם פיה נשלפת בלחציה,בקבוק נירוסטה איכותי עם פיה נשלפת בלחציה,בקבוק נירוסטה איכותי עם פיה נשלפת בלחציה
314,תיק גן - איש העכביש,תיק גן - איש העכביש > תיק גן - איש העכביש,תיק גן - איש העכביש,תיק גן - איש העכביש
315,תיק גן - קיר גרפיטי,תיק גן - קיר גרפיטי > תיק גן - קיר גרפיטי,תיק גן - קיר גרפיטי,תיק גן - קיר גרפיטי
316,תיק גן - פיצוץ,תיק גן - פיצוץ > תיק גן - פיצוץ,תיק גן - פיצוץ,תיק גן - פיצוץ
317,תיק גן - חצים,תיק גן - חצים > תיק גן - חצים,תיק גן - חצים,תיק גן - חצים
318,תיק גן - כוכבים,תיק גן - כוכבים > תיק גן - כוכבים,תיק גן - כוכבים,תיק גן - כוכבים
319,תיק גן - אמוג'יז,תיק גן - אמוג'יז > תיק גן - אמוג'יז,תיק גן - אמוג'יז,תיק גן - אמוג'יז
32,הגדה + בלוק עץ,הגדה + בלוק עץ > הגדה + בלוק עץ,הגדה + בלוק עץ,הגדה + בלוק עץ
320,תיק גן - כתר לבן,תיק גן - כתר לבן > תיק גן - כתר לבן,תיק גן - כתר לבן,תיק גן - כתר לבן
321,תיק גן - פסים,תיק גן - פסים > תיק גן - פסים,תיק גן - פסים,תיק גן - פסים
322,תיק גן - מקושקש,תיק גן - מקושקש > תיק גן - מקושקש,תיק גן - מקושקש,תיק גן - מקושקש
323,תיק גן - כתרים צבעוניים,תיק גן - כתרים צבעוניים > תיק גן - כתרים צבעוניים,תיק גן - כתרים צבעוניים,תיק גן - כתרים צבעוניים
324,תיק גן - מסע בחלל,תיק גן - מסע בחלל > תיק גן - מסע בחלל,תיק גן - מסע בחלל,תיק גן - מסע בחלל
325,תיק גן - כדורגל עדין,תיק גן - כדורגל עדין > תיק גן - כדורגל עדין,תיק גן - כדורגל עדין,תיק גן - כדורגל עדין
326,תיק גן - קרעים,תיק גן - קרעים > תיק גן - קרעים,תיק גן - קרעים,תיק גן - קרעים
327,תיק גן - ראלי,תיק גן - ראלי > תיק גן - ראלי,תיק גן - ראלי,תיק גן - ראלי
328,תיק גן - כדורסל,תיק גן - כדורסל > תיק גן - כדורסל,תיק גן - כדורסל,תיק גן - כדורסל
329,תיק גן - הטירה הקסומה,תיק גן - הטירה הקסומה > תיק גן - הטירה הקסומה,תיק גן - הטירה הקסומה,תיק גן - הטירה הקסומה
330,מסגרת שלג קריסטל,מסגרת שלג קריסטל > מסגרת שלג קריסטל,מסגרת שלג קריסטל,מסגרת שלג קריסטל
332,מסגרת תמונה LOVE,מסגרת תמונה LOVE > מסגרת תמונה LOVE,מסגרת תמונה LOVE,מסגרת תמונה LOVE
333,מסגרת תמונה LOVE,מסגרת תמונה LOVE > מסגרת תמונה LOVE,מסגרת תמונה LOVE,מסגרת תמונה LOVE
37,הדפסה על ספל קרמיקה,הדפסה על ספל קרמיקה > הדפסה על ספל קרמיקה,הדפסה על ספל קרמיקה,הדפסה על ספל קרמיקה
38,הדפסה על עץ עם רגלית ניקל,הדפסה על עץ עם רגלית ניקל > הדפסה על עץ עם רגלית ניקל,הדפסה על עץ עם רגלית ניקל,הדפסה על עץ עם רגלית ניקל
394,ספל פלא שחור,ספל פלא שחור > ספל פלא שחור,ספל פלא שחור,ספל פלא שחור
395,מגבת גוף כותנה להדפסה,מגבת גוף כותנה להדפסה > מגבת גוף כותנה להדפסה,מגבת גוף כותנה להדפסה,מגבת גוף כותנה להדפסה
40,תיק שרוך ניילון עם כיס,תיק שרוך ניילון עם כיס > תיק שרוך ניילון עם כיס,תיק שרוך ניילון עם כיס,תיק שרוך ניילון עם כיס
402,מגנט 15*10 בעיצוב לראש השנה,מגנט 15*10 בעיצוב לראש השנה > מגנט 15*10 בעיצוב לראש השנה,מגנט 15*10 בעיצוב לראש השנה,מגנט 15*10 בעיצוב לראש השנה
41,מדבקות עמידות לתבלינים,מדבקות עמידות לתבלינים > מדבקות עמידות לתבלינים,מדבקות עמידות לתבלינים,מדבקות עמידות לתבלינים
42,שעון עץ לתליה,שעון עץ לתליה > שעון עץ לתליה,שעון עץ לתליה,שעון עץ לתליה
43,ארנק כסף מעוצב עם שם,ארנק כסף מעוצב עם שם > ארנק כסף מעוצב עם שם,ארנק כסף מעוצב עם שם,ארנק כסף מעוצב עם שם
44,מחברת עם כריכת דמוי עור - מתכונים,מחברת עם כריכת דמוי עור - מתכונים > מחברת עם כריכת דמוי עור - מתכונים,מחברת עם כריכת דמוי עור - מתכונים,מחברת עם כריכת דמוי עור - מתכונים
46,מחברת עם כריכת דמוי עור,מחברת עם כריכת דמוי עור > מחברת עם כריכת דמוי עור,מחברת עם כריכת דמוי עור,מחברת עם כריכת דמוי עור
47,קופסת אוכל גדולה,קופסת אוכל גדולה > קופסת אוכל גדולה,קופסת אוכל גדולה,קופסת אוכל גדולה
48,כורסא מתנפחת לילד,כורסא מתנפחת לילד > כורסא מתנפחת לילד,כורסא מתנפחת לילד,כורסא מתנפחת לילד
49,תעודת לידובי,תעודת לידובי > תעודת לידובי,תעודת לידובי,תעודת לידובי
50,מארז מאי,מארז מאי > מארז מאי,מארז מאי,מארז מאי
51,בלוק עץ ברכת הבית,בלוק עץ ברכת הבית > בלוק עץ ברכת הבית,בלוק עץ ברכת הבית,בלוק עץ ברכת הבית
52,חולצה ליום העצמאות,חולצה ליום העצמאות > חולצה ליום העצמאות,חולצה ליום העצמאות,חולצה ליום העצמאות
54,העיר שלי - חולצה ליום העצמאות עם איור של הילד,העיר שלי - חולצה ליום העצמאות עם איור של הילד > העיר שלי - חולצה ליום העצמאות עם איור של הילד,העיר שלי - חולצה ליום העצמאות עם איור של הילד,העיר שלי - חולצה ליום העצמאות עם איור של הילד
58,תיק ספר + סט קיץ,תיק ספר + סט קיץ > תיק ספר + סט קיץ,תיק ספר + סט קיץ,תיק ספר + סט קיץ
59,כיסא חוף ממותג,כיסא חוף ממותג > כיסא חוף ממותג,כיסא חוף ממותג,כיסא חוף ממותג
61,מעמד לתמונה מעוצב,מעמד לתמונה מעוצב > מעמד לתמונה מעוצב,מעמד לתמונה מעוצב,מעמד לתמונה מעוצב
62,מחזיק מפתחות לב,מחזיק מפתחות לב > מחזיק מפתחות לב,מחזיק מפתחות לב,מחזיק מפתחות לב
63,חולצה לצביעה ליום העצמאות,חולצה לצביעה ליום העצמאות > חולצה לצביעה ליום העצמאות,חולצה לצביעה ליום העצמאות,חולצה לצביעה ליום העצמאות
64,הדפסה על עץ - 2 לבבות,הדפסה על עץ - 2 לבבות > הדפסה על עץ - 2 לבבות,הדפסה על עץ - 2 לבבות,הדפסה על עץ - 2 לבבות
65,כוס שמפניה עם כיתוב,כוס שמפניה עם כיתוב > כוס שמפניה עם כיתוב,כוס שמפניה עם כיתוב,כוס שמפניה עם כיתוב
66,"""תיקניק"" - תיק לפיקניק לאם","""תיקניק"" - תיק לפיקניק לאם > ""תיקניק"" - תיק לפיקניק לאם","""תיקניק"" - תיק לפיקניק לאם","""תיקניק"" - תיק לפיקניק לאם"
67,מחברת פייטים מתחלפים,מחברת פייטים מתחלפים > מחברת פייטים מתחלפים,מחברת פייטים מתחלפים,מחברת פייטים מתחלפים
68,סט פדיקור מניקור 6 חלקים ממותג,סט פדיקור מניקור 6 חלקים ממותג > סט פדיקור מניקור 6 חלקים ממותג,סט פדיקור מניקור 6 חלקים ממותג,סט פדיקור מניקור 6 חלקים ממותג
69,נר ריחני ממותג,נר ריחני ממותג > נר ריחני ממותג,נר ריחני ממותג,נר ריחני ממותג
71,מגבת חוף ענקית מעוטרת,מגבת חוף ענקית מעוטרת > מגבת חוף ענקית מעוטרת,מגבת חוף ענקית מעוטרת,מגבת חוף ענקית מעוטרת
72,אוזניות אלחוטיות TWS ממותגות!,אוזניות אלחוטיות TWS ממותגות! > אוזניות אלחוטיות TWS ממותגות!,אוזניות אלחוטיות TWS ממותגות!,אוזניות אלחוטיות TWS ממותגות!
73,פד לעכבר,פד לעכבר > פד לעכבר,פד לעכבר,פד לעכבר
74,בקבוק ספורט נירוסטה ממותג,בקבוק ספורט נירוסטה ממותג > בקבוק ספורט נירוסטה ממותג,בקבוק ספורט נירוסטה ממותג,בקבוק ספורט נירוסטה ממותג
76,קלמר 3 תאים מעוצב + סט כלי כתיבה מתנה!,קלמר 3 תאים מעוצב + סט כלי כתיבה מתנה! > קלמר 3 תאים מעוצב + סט כלי כתיבה מתנה!,קלמר 3 תאים מעוצב + סט כלי כתיבה מתנה!,קלמר 3 תאים מעוצב + סט כלי כתיבה מתנה!
78,משקפי שמש לילדים עם הגנת UV,משקפי שמש לילדים עם הגנת UV > משקפי שמש לילדים עם הגנת UV,משקפי שמש לילדים עם הגנת UV,משקפי שמש לילדים עם הגנת UV
79,מארז קיץ קומפלט,מארז קיץ קומפלט > מארז קיץ קומפלט,מארז קיץ קומפלט,מארז קיץ קומפלט
80,פד לעכבר + אוזניות אלחוטיות,פד לעכבר + אוזניות אלחוטיות > פד לעכבר + אוזניות אלחוטיות,פד לעכבר + אוזניות אלחוטיות,פד לעכבר + אוזניות אלחוטיות
81,כובע ממותג לסוף שנה - הזמנה כמותית בלבד!,כובע ממותג לסוף שנה - הזמנה כמותית בלבד! > כובע ממותג לסוף שנה - הזמנה כמותית בלבד!,כובע ממותג לסוף שנה - הזמנה כמותית בלבד!,כובע ממותג לסוף שנה - הזמנה כמותית בלבד!
82,ספל פלסטיק לילדים,ספל פלסטיק לילדים > ספל פלסטיק לילדים,ספל פלסטיק לילדים,ספל פלסטיק לילדים
86,פלאפון צלילים לפעוטות,פלאפון צלילים לפעוטות > פלאפון צלילים לפעוטות,פלאפון צלילים לפעוטות,פלאפון צלילים לפעוטות
87,האורגן הראשון שלי,האורגן הראשון שלי > האורגן הראשון שלי,האורגן הראשון שלי,האורגן הראשון שלי
88,קופסת אוכל מחולקת,קופסת אוכל מחולקת > קופסת אוכל מחולקת,קופסת אוכל מחולקת,קופסת אוכל מחולקת
89,תיק גן איכותי עם שם + תיק כביסה מתנה - מינ' 5 יח',תיק גן איכותי עם שם + תיק כביסה מתנה - מינ' 5 יח' > תיק גן איכותי עם שם + תיק כביסה מתנה - מינ' 5 יח',תיק גן איכותי עם שם + תיק כביסה מתנה - מינ' 5 יח',תיק גן איכותי עם שם + תיק כביסה מתנה - מינ' 5 יח'
90,תיק גן איכותי + תיק כביסה מתנה מינ' 5 יח',תיק גן איכותי + תיק כביסה מתנה מינ' 5 יח' > תיק גן איכותי + תיק כביסה מתנה מינ' 5 יח',תיק גן איכותי + תיק כביסה מתנה מינ' 5 יח',תיק גן איכותי + תיק כביסה מתנה מינ' 5 יח'
91,קלמר 3 תאים,קלמר 3 תאים > קלמר 3 תאים,קלמר 3 תאים,קלמר 3 תאים
92,אוזניות + פד לעכבר במבצע - מינ' 5 יח',אוזניות + פד לעכבר במבצע - מינ' 5 יח' > אוזניות + פד לעכבר במבצע - מינ' 5 יח',אוזניות + פד לעכבר במבצע - מינ' 5 יח',אוזניות + פד לעכבר במבצע - מינ' 5 יח'
93,קופסת אוכל + ספל פלסטיק/פלא בהנחה! - מינ' 5 יח',קופסת אוכל + ספל פלסטיק/פלא בהנחה! - מינ' 5 יח' > קופסת אוכל + ספל פלסטיק/פלא בהנחה! - מינ' 5 יח',קופסת אוכל + ספל פלסטיק/פלא בהנחה! - מינ' 5 יח',קופסת אוכל + ספל פלסטיק/פלא בהנחה! - מינ' 5 יח'
94,העלאת תמונות להזמנה,העלאת תמונות להזמנה > העלאת תמונות להזמנה,העלאת תמונות להזמנה,העלאת תמונות להזמנה
95,ציפית לכרית,ציפית לכרית > ציפית לכרית,ציפית לכרית,ציפית לכרית
96,תיק שרוך,תיק שרוך > תיק שרוך,תיק שרוך,תיק שרוך
97,שלט עץ לדלת,שלט עץ לדלת > שלט עץ לדלת,שלט עץ לדלת,שלט עץ לדלת
98,שלט אלומיניום לדלת,שלט אלומיניום לדלת > שלט אלומיניום לדלת,שלט אלומיניום לדלת,שלט אלומיניום לדלת
99,מארז קיצי לילדים,מארז קיצי לילדים > מארז קיצי לילדים,מארז קיצי לילדים,מארז קיצי לילדים
103,תיק גן + בקבוק + קופסת אוכל תואמים,תדפיס לי על זה > תדפיס לי על זה > תיק גן + בקבוק + קופסת אוכל תואמים > תיק גן + בקבוק + קופסת אוכל תואמים,תדפיס לי על זה,תיק גן + בקבוק + קופסת אוכל תואמים
153,שעון מעורר מחליף צבעים,תדפיס לי על זה > תדפיס לי על זה > שעון מעורר מחליף צבעים > שעון מעורר מחליף צבעים,תדפיס לי על זה,שעון מעורר מחליף צבעים
20,הדפסה על אבן בזלת,תדפיס לי על זה > תדפיס לי על זה > הדפסה על אבן בזלת > הדפסה על אבן בזלת,תדפיס לי על זה,הדפסה על אבן בזלת
21,כדור שלג לבבות,תדפיס לי על זה > תדפיס לי על זה > כדור שלג לבבות > כדור שלג לבבות,תדפיס לי על זה,כדור שלג לבבות
22,שלט עץ טבעי לבית,תדפיס לי על זה > תדפיס לי על זה > שלט עץ טבעי לבית > שלט עץ טבעי לבית,תדפיס לי על זה,שלט עץ טבעי לבית
23,בלוק עץ 15*10 הדפסה ישירה,תדפיס לי על זה > תדפיס לי על זה > בלוק עץ 15*10 הדפסה ישירה > בלוק עץ 15*10 הדפסה ישירה,תדפיס לי על זה,בלוק עץ 15*10 הדפסה ישירה
24,חוקי הבית - הדפסה על אלומיניום עם מגנט,תדפיס לי על זה > תדפיס לי על זה > חוקי הבית - הדפסה על אלומיניום עם מגנט > חוקי הבית - הדפסה על אלומיניום עם מגנט,תדפיס לי על זה,חוקי הבית - הדפסה על אלומיניום עם מגנט
26,ספל הוקרה לצוות,תדפיס לי על זה > תדפיס לי על זה > ספל הוקרה לצוות > ספל הוקרה לצוות,תדפיס לי על זה,ספל הוקרה לצוות
27,כיפה / מטפחת עם שם,תדפיס לי על זה > תדפיס לי על זה > כיפה / מטפחת עם שם > כיפה / מטפחת עם שם,תדפיס לי על זה,כיפה / מטפחת עם שם
28,פאזל עץ עם תמונת הילד,תדפיס לי על זה > תדפיס לי על זה > פאזל עץ עם תמונת הילד > פאזל עץ עם תמונת הילד,תדפיס לי על זה,פאזל עץ עם תמונת הילד
37,הדפסה על ספל קרמיקה,תדפיס לי על זה > תדפיס לי על זה > הדפסה על ספל קרמיקה > הדפסה על ספל קרמיקה,תדפיס לי על זה,הדפסה על ספל קרמיקה
38,הדפסה על עץ עם רגלית ניקל,תדפיס לי על זה > תדפיס לי על זה > הדפסה על עץ עם רגלית ניקל > הדפסה על עץ עם רגלית ניקל,תדפיס לי על זה,הדפסה על עץ עם רגלית ניקל
41,מדבקות עמידות לתבלינים,תדפיס לי על זה > תדפיס לי על זה > מדבקות עמידות לתבלינים > מדבקות עמידות לתבלינים,תדפיס לי על זה,מדבקות עמידות לתבלינים
42,שעון עץ לתליה,תדפיס לי על זה > תדפיס לי על זה > שעון עץ לתליה > שעון עץ לתליה,תדפיס לי על זה,שעון עץ לתליה
51,בלוק עץ ברכת הבית,תדפיס לי על זה > תדפיס לי על זה > בלוק עץ ברכת הבית > בלוק עץ ברכת הבית,תדפיס לי על זה,בלוק עץ ברכת הבית
59,כיסא חוף ממותג,תדפיס לי על זה > תדפיס לי על זה > כיסא חוף ממותג > כיסא חוף ממותג,תדפיס לי על זה,כיסא חוף ממותג
64,הדפסה על עץ - 2 לבבות,תדפיס לי על זה > תדפיס לי על זה > הדפסה על עץ - 2 לבבות > הדפסה על עץ - 2 לבבות,תדפיס לי על זה,הדפסה על עץ - 2 לבבות
73,פד לעכבר,תדפיס לי על זה > תדפיס לי על זה > פד לעכבר > פד לעכבר,תדפיס לי על זה,פד לעכבר
74,בקבוק ספורט נירוסטה ממותג,תדפיס לי על זה > תדפיס לי על זה > בקבוק ספורט נירוסטה ממותג > בקבוק ספורט נירוסטה ממותג,תדפיס לי על זה,בקבוק ספורט נירוסטה ממותג
76,קלמר 3 תאים מעוצב + סט כלי כתיבה מתנה!,תדפיס לי על זה > תדפיס לי על זה > קלמר 3 תאים מעוצב + סט כלי כתיבה מתנה! > קלמר 3 תאים מעוצב + סט כלי כתיבה מתנה!,תדפיס לי על זה,קלמר 3 תאים מעוצב + סט כלי כתיבה מתנה!
81,כובע ממותג לסוף שנה - הזמנה כמותית בלבד!,תדפיס לי על זה > תדפיס לי על זה > כובע ממותג לסוף שנה - הזמנה כמותית בלבד! > כובע ממותג לסוף שנה - הזמנה כמותית בלבד!,תדפיס לי על זה,כובע ממותג לסוף שנה - הזמנה כמותית בלבד!
94,העלאת תמונות להזמנה,תדפיס לי על זה > תדפיס לי על זה > העלאת תמונות להזמנה > העלאת תמונות להזמנה,תדפיס לי על זה,העלאת תמונות להזמנה
100,בקבוק תרמי נירוסטה כפולה,מתנות סוף שנה וימי הולדת > מתנות סוף שנה וימי הולדת > בקבוק תרמי נירוסטה כפולה > בקבוק תרמי נירוסטה כפולה,מתנות סוף שנה וימי הולדת,בקבוק תרמי נירוסטה כפולה
103,תיק גן + בקבוק + קופסת אוכל תואמים,מתנות סוף שנה וימי הולדת > מתנות סוף שנה וימי הולדת > תיק גן + בקבוק + קופסת אוכל תואמים > תיק גן + בקבוק + קופסת אוכל תואמים,מתנות סוף שנה וימי הולדת,תיק גן + בקבוק + קופסת אוכל תואמים
153,שעון מעורר מחליף צבעים,מתנות סוף שנה וימי הולדת > מתנות סוף שנה וימי הולדת > שעון מעורר מחליף צבעים > שעון מעורר מחליף צבעים,מתנות סוף שנה וימי הולדת,שעון מעורר מחליף צבעים
17,מגבת קפוצ'ון עם תמונה או שם - 100% כותנה,מתנות סוף שנה וימי הולדת > מתנות סוף שנה וימי הולדת > מגבת קפוצ'ון עם תמונה או שם - 100% כותנה > מגבת קפוצ'ון עם תמונה או שם - 100% כותנה,מתנות סוף שנה וימי הולדת,מגבת קפוצ'ון עם תמונה או שם - 100% כותנה
176,סט 4 תחתיות לספלים עם משפטי השראה,מתנות סוף שנה וימי הולדת > מתנות סוף שנה וימי הולדת > סט 4 תחתיות לספלים עם משפטי השראה > סט 4 תחתיות לספלים עם משפטי השראה,מתנות סוף שנה וימי הולדת,סט 4 תחתיות לספלים עם משפטי השראה
19,הדום עם אחסון לצעצועים,מתנות סוף שנה וימי הולדת > מתנות סוף שנה וימי הולדת > הדום עם אחסון לצעצועים > הדום עם אחסון לצעצועים,מתנות סוף שנה וימי הולדת,הדום עם אחסון לצעצועים
21,כדור שלג לבבות,מתנות סוף שנה וימי הולדת > מתנות סוף שנה וימי הולדת > כדור שלג לבבות > כדור שלג לבבות,מתנות סוף שנה וימי הולדת,כדור שלג לבבות
279,מזוודת צבעים אישית,מתנות סוף שנה וימי הולדת > מתנות סוף שנה וימי הולדת > מזוודת צבעים אישית > מזוודת צבעים אישית,מתנות סוף שנה וימי הולדת,מזוודת צבעים אישית
28,פאזל עץ עם תמונת הילד,מתנות סוף שנה וימי הולדת > מתנות סוף שנה וימי הולדת > פאזל עץ עם תמונת הילד > פאזל עץ עם תמונת הילד,מתנות סוף שנה וימי הולדת,פאזל עץ עם תמונת הילד
281,פיג'מה קצרה עם שם הילד,מתנות סוף שנה וימי הולדת > מתנות סוף שנה וימי הולדת > פיג'מה קצרה עם שם הילד > פיג'מה קצרה עם שם הילד,מתנות סוף שנה וימי הולדת,פיג'מה קצרה עם שם הילד
282,כותונת לילה לילדות,מתנות סוף שנה וימי הולדת > מתנות סוף שנה וימי הולדת > כותונת לילה לילדות > כותונת לילה לילדות,מתנות סוף שנה וימי הולדת,כותונת לילה לילדות
283,סינר אוכל לתינוק עם שם,מתנות סוף שנה וימי הולדת > מתנות סוף שנה וימי הולדת > סינר אוכל לתינוק עם שם > סינר אוכל לתינוק עם שם,מתנות סוף שנה וימי הולדת,סינר אוכל לתינוק עם שם
284,סולמות ונחשים עם תמונות הילדים - מינ' 10 יחידות,מתנות סוף שנה וימי הולדת > מתנות סוף שנה וימי הולדת > סולמות ונחשים עם תמונות הילדים - מינ' 10 יחידות > סולמות ונחשים עם תמונות הילדים - מינ' 10 יחידות,מתנות סוף שנה וימי הולדת,סולמות ונחשים עם תמונות הילדים - מינ' 10 יחידות
285,קלמר ג'ינס תא אחד,מתנות סוף שנה וימי הולדת > מתנות סוף שנה וימי הולדת > קלמר ג'ינס תא אחד > קלמר ג'ינס תא אחד,מתנות סוף שנה וימי הולדת,קלמר ג'ינס תא אחד
286,תמונה במסגרת לתליה - אפקט גרפיטי,מתנות סוף שנה וימי הולדת > מתנות סוף שנה וימי הולדת > תמונה במסגרת לתליה - אפקט גרפיטי > תמונה במסגרת לתליה - אפקט גרפיטי,מתנות סוף שנה וימי הולדת,תמונה במסגרת לתליה - אפקט גרפיטי
293,מארז קיץ מפנק לילדים ונוער,מתנות סוף שנה וימי הולדת > מתנות סוף שנה וימי הולדת > מארז קיץ מפנק לילדים ונוער > מארז קיץ מפנק לילדים ונוער,מתנות סוף שנה וימי הולדת,מארז קיץ מפנק לילדים ונוער
294,מארז ספורט לילדים,מתנות סוף שנה וימי הולדת > מתנות סוף שנה וימי הולדת > מארז ספורט לילדים > מארז ספורט לילדים,מתנות סוף שנה וימי הולדת,מארז ספורט לילדים
295,חוברת צביעה עם איורי הילדים,מתנות סוף שנה וימי הולדת > מתנות סוף שנה וימי הולדת > חוברת צביעה עם איורי הילדים > חוברת צביעה עם איורי הילדים,מתנות סוף שנה וימי הולדת,חוברת צביעה עם איורי הילדים
296,מזוודת צבעים אישית + חוברת צביעה של איורי הילדים,מתנות סוף שנה וימי הולדת > מתנות סוף שנה וימי הולדת > מזוודת צבעים אישית + חוברת צביעה של איורי הילדים > מזוודת צבעים אישית + חוברת צביעה של איורי הילדים,מתנות סוף שנה וימי הולדת,מזוודת צבעים אישית + חוברת צביעה של איורי הילדים
297,מעמד שולחני לנייד,מתנות סוף שנה וימי הולדת > מתנות סוף שנה וימי הולדת > מעמד שולחני לנייד > מעמד שולחני לנייד,מתנות סוף שנה וימי הולדת,מעמד שולחני לנייד
298,מטקות עם כלי משחק לשש בש דמקה ושחמט,מתנות סוף שנה וימי הולדת > מתנות סוף שנה וימי הולדת > מטקות עם כלי משחק לשש בש דמקה ושחמט > מטקות עם כלי משחק לשש בש דמקה ושחמט,מתנות סוף שנה וימי הולדת,מטקות עם כלי משחק לשש בש דמקה ושחמט
299,תיק כותנה בשילוב יוטה,מתנות סוף שנה וימי הולדת > מתנות סוף שנה וימי הולדת > תיק כותנה בשילוב יוטה > תיק כותנה בשילוב יוטה,מתנות סוף שנה וימי הולדת,תיק כותנה בשילוב יוטה
300,סוללת גיבוי 5000MAH מבמבוק,מתנות סוף שנה וימי הולדת > מתנות סוף שנה וימי הולדת > סוללת גיבוי 5000MAH מבמבוק > סוללת גיבוי 5000MAH מבמבוק,מתנות סוף שנה וימי הולדת,סוללת גיבוי 5000MAH מבמבוק
301,בקבוק תרמי איכותי SWISS,מתנות סוף שנה וימי הולדת > מתנות סוף שנה וימי הולדת > בקבוק תרמי איכותי SWISS > בקבוק תרמי איכותי SWISS,מתנות סוף שנה וימי הולדת,בקבוק תרמי איכותי SWISS
302,קופסת אוכל מחולקת איכותית בשילוב עץ,מתנות סוף שנה וימי הולדת > מתנות סוף שנה וימי הולדת > קופסת אוכל מחולקת איכותית בשילוב עץ > קופסת אוכל מחולקת איכותית בשילוב עץ,מתנות סוף שנה וימי הולדת,קופסת אוכל מחולקת איכותית בשילוב עץ
303,ערסל מים מתנפח,מתנות סוף שנה וימי הולדת > מתנות סוף שנה וימי הולדת > ערסל מים מתנפח > ערסל מים מתנפח,מתנות סוף שנה וימי הולדת,ערסל מים מתנפח
304,תיק ים שקוף,מתנות סוף שנה וימי הולדת > מתנות סוף שנה וימי הולדת > תיק ים שקוף > תיק ים שקוף,מתנות סוף שנה וימי הולדת,תיק ים שקוף
306,בקבוק שתייה שקוף בשילוב נירוסטה,מתנות סוף שנה וימי הולדת > מתנות סוף שנה וימי הולדת > בקבוק שתייה שקוף בשילוב נירוסטה > בקבוק שתייה שקוף בשילוב נירוסטה,מתנות סוף שנה וימי הולדת,בקבוק שתייה שקוף בשילוב נירוסטה
308,כובע רשת לילדים,מתנות סוף שנה וימי הולדת > מתנות סוף שנה וימי הולדת > כובע רשת לילדים > כובע רשת לילדים,מתנות סוף שנה וימי הולדת,כובע רשת לילדים
310,רמקול בלוטוס מחליף צבעים,מתנות סוף שנה וימי הולדת > מתנות סוף שנה וימי הולדת > רמקול בלוטוס מחליף צבעים > רמקול בלוטוס מחליף צבעים,מתנות סוף שנה וימי הולדת,רמקול בלוטוס מחליף צבעים
311,סט מוכנים לים,מתנות סוף שנה וימי הולדת > מתנות סוף שנה וימי הולדת > סט מוכנים לים > סט מוכנים לים,מתנות סוף שנה וימי הולדת,סט מוכנים לים
313,בקבוק נירוסטה איכותי עם פיה נשלפת בלחציה,מתנות סוף שנה וימי הולדת > מתנות סוף שנה וימי הולדת > בקבוק נירוסטה איכותי עם פיה נשלפת בלחציה > בקבוק נירוסטה איכותי עם פיה נשלפת בלחציה,מתנות סוף שנה וימי הולדת,בקבוק נירוסטה איכותי עם פיה נשלפת בלחציה
330,מסגרת שלג קריסטל,מתנות סוף שנה וימי הולדת > מתנות סוף שנה וימי הולדת > מסגרת שלג קריסטל > מסגרת שלג קריסטל,מתנות סוף שנה וימי הולדת,מסגרת שלג קריסטל
38,הדפסה על עץ עם רגלית ניקל,מתנות סוף שנה וימי הולדת > מתנות סוף שנה וימי הולדת > הדפסה על עץ עם רגלית ניקל > הדפסה על עץ עם רגלית ניקל,מתנות סוף שנה וימי הולדת,הדפסה על עץ עם רגלית ניקל
40,תיק שרוך ניילון עם כיס,מתנות סוף שנה וימי הולדת > מתנות סוף שנה וימי הולדת > תיק שרוך ניילון עם כיס > תיק שרוך ניילון עם כיס,מתנות סוף שנה וימי הולדת,תיק שרוך ניילון עם כיס
42,שעון עץ לתליה,מתנות סוף שנה וימי הולדת > מתנות סוף שנה וימי הולדת > שעון עץ לתליה > שעון עץ לתליה,מתנות סוף שנה וימי הולדת,שעון עץ לתליה
48,כורסא מתנפחת לילד,מתנות סוף שנה וימי הולדת > מתנות סוף שנה וימי הולדת > כורסא מתנפחת לילד > כורסא מתנפחת לילד,מתנות סוף שנה וימי הולדת,כורסא מתנפחת לילד
58,תיק ספר + סט קיץ,מתנות סוף שנה וימי הולדת > מתנות סוף שנה וימי הולדת > תיק ספר + סט קיץ > תיק ספר + סט קיץ,מתנות סוף שנה וימי הולדת,תיק ספר + סט קיץ
59,כיסא חוף ממותג,מתנות סוף שנה וימי הולדת > מתנות סוף שנה וימי הולדת > כיסא חוף ממותג > כיסא חוף ממותג,מתנות סוף שנה וימי הולדת,כיסא חוף ממותג
61,מעמד לתמונה מעוצב,מתנות סוף שנה וימי הולדת > מתנות סוף שנה וימי הולדת > מעמד לתמונה מעוצב > מעמד לתמונה מעוצב,מתנות סוף שנה וימי הולדת,מעמד לתמונה מעוצב
71,מגבת חוף ענקית מעוטרת,מתנות סוף שנה וימי הולדת > מתנות סוף שנה וימי הולדת > מגבת חוף ענקית מעוטרת > מגבת חוף ענקית מעוטרת,מתנות סוף שנה וימי הולדת,מגבת חוף ענקית מעוטרת
72,אוזניות אלחוטיות TWS ממותגות!,מתנות סוף שנה וימי הולדת > מתנות סוף שנה וימי הולדת > אוזניות אלחוטיות TWS ממותגות! > אוזניות אלחוטיות TWS ממותגות!,מתנות סוף שנה וימי הולדת,אוזניות אלחוטיות TWS ממותגות!
73,פד לעכבר,מתנות סוף שנה וימי הולדת > מתנות סוף שנה וימי הולדת > פד לעכבר > פד לעכבר,מתנות סוף שנה וימי הולדת,פד לעכבר
74,בקבוק ספורט נירוסטה ממותג,מתנות סוף שנה וימי הולדת > מתנות סוף שנה וימי הולדת > בקבוק ספורט נירוסטה ממותג > בקבוק ספורט נירוסטה ממותג,מתנות סוף שנה וימי הולדת,בקבוק ספורט נירוסטה ממותג
76,קלמר 3 תאים מעוצב + סט כלי כתיבה מתנה!,מתנות סוף שנה וימי הולדת > מתנות סוף שנה וימי הולדת > קלמר 3 תאים מעוצב + סט כלי כתיבה מתנה! > קלמר 3 תאים מעוצב + סט כלי כתיבה מתנה!,מתנות סוף שנה וימי הולדת,קלמר 3 תאים מעוצב + סט כלי כתיבה מתנה!
78,משקפי שמש לילדים עם הגנת UV,מתנות סוף שנה וימי הולדת > מתנות סוף שנה וימי הולדת > משקפי שמש לילדים עם הגנת UV > משקפי שמש לילדים עם הגנת UV,מתנות סוף שנה וימי הולדת,משקפי שמש לילדים עם הגנת UV
79,מארז קיץ קומפלט,מתנות סוף שנה וימי הולדת > מתנות סוף שנה וימי הולדת > מארז קיץ קומפלט > מארז קיץ קומפלט,מתנות סוף שנה וימי הולדת,מארז קיץ קומפלט
80,פד לעכבר + אוזניות אלחוטיות,מתנות סוף שנה וימי הולדת > מתנות סוף שנה וימי הולדת > פד לעכבר + אוזניות אלחוטיות > פד לעכבר + אוזניות אלחוטיות,מתנות סוף שנה וימי הולדת,פד לעכבר + אוזניות אלחוטיות
81,כובע ממותג לסוף שנה - הזמנה כמותית בלבד!,מתנות סוף שנה וימי הולדת > מתנות סוף שנה וימי הולדת > כובע ממותג לסוף שנה - הזמנה כמותית בלבד! > כובע ממותג לסוף שנה - הזמנה כמותית בלבד!,מתנות סוף שנה וימי הולדת,כובע ממותג לסוף שנה - הזמנה כמותית בלבד!
82,ספל פלסטיק לילדים,מתנות סוף שנה וימי הולדת > מתנות סוף שנה וימי הולדת > ספל פלסטיק לילדים > ספל פלסטיק לילדים,מתנות סוף שנה וימי הולדת,ספל פלסטיק לילדים
88,קופסת אוכל מחולקת,מתנות סוף שנה וימי הולדת > מתנות סוף שנה וימי הולדת > קופסת אוכל מחולקת > קופסת אוכל מחולקת,מתנות סוף שנה וימי הולדת,קופסת אוכל מחולקת
95,ציפית לכרית,מתנות סוף שנה וימי הולדת > מתנות סוף שנה וימי הולדת > ציפית לכרית > ציפית לכרית,מתנות סוף שנה וימי הולדת,ציפית לכרית
96,תיק שרוך,מתנות סוף שנה וימי הולדת > מתנות סוף שנה וימי הולדת > תיק שרוך > תיק שרוך,מתנות סוף שנה וימי הולדת,תיק שרוך
99,מארז קיצי לילדים,מתנות סוף שנה וימי הולדת > מתנות סוף שנה וימי הולדת > מארז קיצי לילדים > מארז קיצי לילדים,מתנות סוף שנה וימי הולדת,מארז קיצי לילדים
167,מטריה מתקפלת,"מתנות לגן עד 30 ש""ח > מתנות לגן עד 30 ש""ח > מטריה מתקפלת > מטריה מתקפלת","מתנות לגן עד 30 ש""ח",מטריה מתקפלת
176,סט 4 תחתיות לספלים עם משפטי השראה,"מתנות לגן עד 30 ש""ח > מתנות לגן עד 30 ש""ח > סט 4 תחתיות לספלים עם משפטי השראה > סט 4 תחתיות לספלים עם משפטי השראה","מתנות לגן עד 30 ש""ח",סט 4 תחתיות לספלים עם משפטי השראה
23,בלוק עץ 15*10 הדפסה ישירה,"מתנות לגן עד 30 ש""ח > מתנות לגן עד 30 ש""ח > בלוק עץ 15*10 הדפסה ישירה > בלוק עץ 15*10 הדפסה ישירה","מתנות לגן עד 30 ש""ח",בלוק עץ 15*10 הדפסה ישירה
24,חוקי הבית - הדפסה על אלומיניום עם מגנט,"מתנות לגן עד 30 ש""ח > מתנות לגן עד 30 ש""ח > חוקי הבית - הדפסה על אלומיניום עם מגנט > חוקי הבית - הדפסה על אלומיניום עם מגנט","מתנות לגן עד 30 ש""ח",חוקי הבית - הדפסה על אלומיניום עם מגנט
27,כיפה / מטפחת עם שם,"מתנות לגן עד 30 ש""ח > מתנות לגן עד 30 ש""ח > כיפה / מטפחת עם שם > כיפה / מטפחת עם שם","מתנות לגן עד 30 ש""ח",כיפה / מטפחת עם שם
279,מזוודת צבעים אישית,"מתנות לגן עד 30 ש""ח > מתנות לגן עד 30 ש""ח > מזוודת צבעים אישית > מזוודת צבעים אישית","מתנות לגן עד 30 ש""ח",מזוודת צבעים אישית
28,פאזל עץ עם תמונת הילד,"מתנות לגן עד 30 ש""ח > מתנות לגן עד 30 ש""ח > פאזל עץ עם תמונת הילד > פאזל עץ עם תמונת הילד","מתנות לגן עד 30 ש""ח",פאזל עץ עם תמונת הילד
283,סינר אוכל לתינוק עם שם,"מתנות לגן עד 30 ש""ח > מתנות לגן עד 30 ש""ח > סינר אוכל לתינוק עם שם > סינר אוכל לתינוק עם שם","מתנות לגן עד 30 ש""ח",סינר אוכל לתינוק עם שם
284,סולמות ונחשים עם תמונות הילדים - מינ' 10 יחידות,"מתנות לגן עד 30 ש""ח > מתנות לגן עד 30 ש""ח > סולמות ונחשים עם תמונות הילדים - מינ' 10 יחידות > סולמות ונחשים עם תמונות הילדים - מינ' 10 יחידות","מתנות לגן עד 30 ש""ח",סולמות ונחשים עם תמונות הילדים - מינ' 10 יחידות
285,קלמר ג'ינס תא אחד,"מתנות לגן עד 30 ש""ח > מתנות לגן עד 30 ש""ח > קלמר ג'ינס תא אחד > קלמר ג'ינס תא אחד","מתנות לגן עד 30 ש""ח",קלמר ג'ינס תא אחד
286,תמונה במסגרת לתליה - אפקט גרפיטי,"מתנות לגן עד 30 ש""ח > מתנות לגן עד 30 ש""ח > תמונה במסגרת לתליה - אפקט גרפיטי > תמונה במסגרת לתליה - אפקט גרפיטי","מתנות לגן עד 30 ש""ח",תמונה במסגרת לתליה - אפקט גרפיטי
289,בלוק עץ קריקטורה,"מתנות לגן עד 30 ש""ח > מתנות לגן עד 30 ש""ח > בלוק עץ קריקטורה > בלוק עץ קריקטורה","מתנות לגן עד 30 ש""ח",בלוק עץ קריקטורה
308,כובע רשת לילדים,"מתנות לגן עד 30 ש""ח > מתנות לגן עד 30 ש""ח > כובע רשת לילדים > כובע רשת לילדים","מתנות לגן עד 30 ש""ח",כובע רשת לילדים
38,הדפסה על עץ עם רגלית ניקל,"מתנות לגן עד 30 ש""ח > מתנות לגן עד 30 ש""ח > הדפסה על עץ עם רגלית ניקל > הדפסה על עץ עם רגלית ניקל","מתנות לגן עד 30 ש""ח",הדפסה על עץ עם רגלית ניקל
40,תיק שרוך ניילון עם כיס,"מתנות לגן עד 30 ש""ח > מתנות לגן עד 30 ש""ח > תיק שרוך ניילון עם כיס > תיק שרוך ניילון עם כיס","מתנות לגן עד 30 ש""ח",תיק שרוך ניילון עם כיס
42,שעון עץ לתליה,"מתנות לגן עד 30 ש""ח > מתנות לגן עד 30 ש""ח > שעון עץ לתליה > שעון עץ לתליה","מתנות לגן עד 30 ש""ח",שעון עץ לתליה
47,קופסת אוכל גדולה,"מתנות לגן עד 30 ש""ח > מתנות לגן עד 30 ש""ח > קופסת אוכל גדולה > קופסת אוכל גדולה","מתנות לגן עד 30 ש""ח",קופסת אוכל גדולה
58,תיק ספר + סט קיץ,"מתנות לגן עד 30 ש""ח > מתנות לגן עד 30 ש""ח > תיק ספר + סט קיץ > תיק ספר + סט קיץ","מתנות לגן עד 30 ש""ח",תיק ספר + סט קיץ
61,מעמד לתמונה מעוצב,"מתנות לגן עד 30 ש""ח > מתנות לגן עד 30 ש""ח > מעמד לתמונה מעוצב > מעמד לתמונה מעוצב","מתנות לגן עד 30 ש""ח",מעמד לתמונה מעוצב
62,מחזיק מפתחות לב,"מתנות לגן עד 30 ש""ח > מתנות לגן עד 30 ש""ח > מחזיק מפתחות לב > מחזיק מפתחות לב","מתנות לגן עד 30 ש""ח",מחזיק מפתחות לב
73,פד לעכבר,"מתנות לגן עד 30 ש""ח > מתנות לגן עד 30 ש""ח > פד לעכבר > פד לעכבר","מתנות לגן עד 30 ש""ח",פד לעכבר
74,בקבוק ספורט נירוסטה ממותג,"מתנות לגן עד 30 ש""ח > מתנות לגן עד 30 ש""ח > בקבוק ספורט נירוסטה ממותג > בקבוק ספורט נירוסטה ממותג","מתנות לגן עד 30 ש""ח",בקבוק ספורט נירוסטה ממותג
76,קלמר 3 תאים מעוצב + סט כלי כתיבה מתנה!,"מתנות לגן עד 30 ש""ח > מתנות לגן עד 30 ש""ח > קלמר 3 תאים מעוצב + סט כלי כתיבה מתנה! > קלמר 3 תאים מעוצב + סט כלי כתיבה מתנה!","מתנות לגן עד 30 ש""ח",קלמר 3 תאים מעוצב + סט כלי כתיבה מתנה!
78,משקפי שמש לילדים עם הגנת UV,"מתנות לגן עד 30 ש""ח > מתנות לגן עד 30 ש""ח > משקפי שמש לילדים עם הגנת UV > משקפי שמש לילדים עם הגנת UV","מתנות לגן עד 30 ש""ח",משקפי שמש לילדים עם הגנת UV
81,כובע ממותג לסוף שנה - הזמנה כמותית בלבד!,"מתנות לגן עד 30 ש""ח > מתנות לגן עד 30 ש""ח > כובע ממותג לסוף שנה - הזמנה כמותית בלבד! > כובע ממותג לסוף שנה - הזמנה כמותית בלבד!","מתנות לגן עד 30 ש""ח",כובע ממותג לסוף שנה - הזמנה כמותית בלבד!
82,ספל פלסטיק לילדים,"מתנות לגן עד 30 ש""ח > מתנות לגן עד 30 ש""ח > ספל פלסטיק לילדים > ספל פלסטיק לילדים","מתנות לגן עד 30 ש""ח",ספל פלסטיק לילדים
88,קופסת אוכל מחולקת,"מתנות לגן עד 30 ש""ח > מתנות לגן עד 30 ש""ח > קופסת אוכל מחולקת > קופסת אוכל מחולקת","מתנות לגן עד 30 ש""ח",קופסת אוכל מחולקת
95,ציפית לכרית,"מתנות לגן עד 30 ש""ח > מתנות לגן עד 30 ש""ח > ציפית לכרית > ציפית לכרית","מתנות לגן עד 30 ש""ח",ציפית לכרית
96,תיק שרוך,"מתנות לגן עד 30 ש""ח > מתנות לגן עד 30 ש""ח > תיק שרוך > תיק שרוך","מתנות לגן עד 30 ש""ח",תיק שרוך
99,מארז קיצי לילדים,"מתנות לגן עד 30 ש""ח > מתנות לגן עד 30 ש""ח > מארז קיצי לילדים > מארז קיצי לילדים","מתנות לגן עד 30 ש""ח",מארז קיצי לילדים
100,בקבוק תרמי נירוסטה כפולה,מתנות לצוות > מתנות לצוות > בקבוק תרמי נירוסטה כפולה > בקבוק תרמי נירוסטה כפולה,מתנות לצוות,בקבוק תרמי נירוסטה כפולה
26,ספל הוקרה לצוות,מתנות לצוות > מתנות לצוות > ספל הוקרה לצוות > ספל הוקרה לצוות,מתנות לצוות,ספל הוקרה לצוות
292,קרש חיתוך עם חריטה בלייזר,מתנות לצוות > מתנות לצוות > קרש חיתוך עם חריטה בלייזר > קרש חיתוך עם חריטה בלייזר,מתנות לצוות,קרש חיתוך עם חריטה בלייזר
297,מעמד שולחני לנייד,מתנות לצוות > מתנות לצוות > מעמד שולחני לנייד > מעמד שולחני לנייד,מתנות לצוות,מעמד שולחני לנייד
298,מטקות עם כלי משחק לשש בש דמקה ושחמט,מתנות לצוות > מתנות לצוות > מטקות עם כלי משחק לשש בש דמקה ושחמט > מטקות עם כלי משחק לשש בש דמקה ושחמט,מתנות לצוות,מטקות עם כלי משחק לשש בש דמקה ושחמט
299,תיק כותנה בשילוב יוטה,מתנות לצוות > מתנות לצוות > תיק כותנה בשילוב יוטה > תיק כותנה בשילוב יוטה,מתנות לצוות,תיק כותנה בשילוב יוטה
300,סוללת גיבוי 5000MAH מבמבוק,מתנות לצוות > מתנות לצוות > סוללת גיבוי 5000MAH מבמבוק > סוללת גיבוי 5000MAH מבמבוק,מתנות לצוות,סוללת גיבוי 5000MAH מבמבוק
301,בקבוק תרמי איכותי SWISS,מתנות לצוות > מתנות לצוות > בקבוק תרמי איכותי SWISS > בקבוק תרמי איכותי SWISS,מתנות לצוות,בקבוק תרמי איכותי SWISS
302,קופסת אוכל מחולקת איכותית בשילוב עץ,מתנות לצוות > מתנות לצוות > קופסת אוכל מחולקת איכותית בשילוב עץ > קופסת אוכל מחולקת איכותית בשילוב עץ,מתנות לצוות,קופסת אוכל מחולקת איכותית בשילוב עץ
304,תיק ים שקוף,מתנות לצוות > מתנות לצוות > תיק ים שקוף > תיק ים שקוף,מתנות לצוות,תיק ים שקוף
305,סט כלי כתיבה מבמבוק באריזת מתנה,מתנות לצוות > מתנות לצוות > סט כלי כתיבה מבמבוק באריזת מתנה > סט כלי כתיבה מבמבוק באריזת מתנה,מתנות לצוות,סט כלי כתיבה מבמבוק באריזת מתנה
306,בקבוק שתייה שקוף בשילוב נירוסטה,מתנות לצוות > מתנות לצוות > בקבוק שתייה שקוף בשילוב נירוסטה > בקבוק שתייה שקוף בשילוב נירוסטה,מתנות לצוות,בקבוק שתייה שקוף בשילוב נירוסטה
307,סט אפיה 9 חלקים,מתנות לצוות > מתנות לצוות > סט אפיה 9 חלקים > סט אפיה 9 חלקים,מתנות לצוות,סט אפיה 9 חלקים
309,האג מאג תרמי נירוסטה,מתנות לצוות > מתנות לצוות > האג מאג תרמי נירוסטה > האג מאג תרמי נירוסטה,מתנות לצוות,האג מאג תרמי נירוסטה
310,רמקול בלוטוס מחליף צבעים,מתנות לצוות > מתנות לצוות > רמקול בלוטוס מחליף צבעים > רמקול בלוטוס מחליף צבעים,מתנות לצוות,רמקול בלוטוס מחליף צבעים
312,תיק יוטה + בקבוק תרמי,מתנות לצוות > מתנות לצוות > תיק יוטה + בקבוק תרמי > תיק יוטה + בקבוק תרמי,מתנות לצוות,תיק יוטה + בקבוק תרמי
41,מדבקות עמידות לתבלינים,מתנות לצוות > מתנות לצוות > מדבקות עמידות לתבלינים > מדבקות עמידות לתבלינים,מתנות לצוות,מדבקות עמידות לתבלינים
43,ארנק כסף מעוצב עם שם,מתנות לצוות > מתנות לצוות > ארנק כסף מעוצב עם שם > ארנק כסף מעוצב עם שם,מתנות לצוות,ארנק כסף מעוצב עם שם
44,מחברת עם כריכת דמוי עור - מתכונים,מתנות לצוות > מתנות לצוות > מחברת עם כריכת דמוי עור - מתכונים > מחברת עם כריכת דמוי עור - מתכונים,מתנות לצוות,מחברת עם כריכת דמוי עור - מתכונים
46,מחברת עם כריכת דמוי עור,מתנות לצוות > מתנות לצוות > מחברת עם כריכת דמוי עור > מחברת עם כריכת דמוי עור,מתנות לצוות,מחברת עם כריכת דמוי עור
65,כוס שמפניה עם כיתוב,מתנות לצוות > מתנות לצוות > כוס שמפניה עם כיתוב > כוס שמפניה עם כיתוב,מתנות לצוות,כוס שמפניה עם כיתוב
69,נר ריחני ממותג,מתנות לצוות > מתנות לצוות > נר ריחני ממותג > נר ריחני ממותג,מתנות לצוות,נר ריחני ממותג
28,פאזל עץ עם תמונת הילד,מתנות לצוות > מתנות לצוות > מתנות לכל גיל > מתנות לכל גיל > בת מצווש > בת מצווש > פאזל עץ עם תמונת הילד > פאזל עץ עם תמונת הילד,מתנות לצוות,פאזל עץ עם תמונת הילד
300,סוללת גיבוי 5000MAH מבמבוק,מתנות לצוות > מתנות לצוות > מתנות לכל גיל > מתנות לכל גיל > בת מצווש > בת מצווש > סוללת גיבוי 5000MAH מבמבוק > סוללת גיבוי 5000MAH מבמבוק,מתנות לצוות,סוללת גיבוי 5000MAH מבמבוק
307,סט אפיה 9 חלקים,מתנות לצוות > מתנות לצוות > מתנות לכל גיל > מתנות לכל גיל > בת מצווש > בת מצווש > סט אפיה 9 חלקים > סט אפיה 9 חלקים,מתנות לצוות,סט אפיה 9 חלקים
309,האג מאג תרמי נירוסטה,מתנות לצוות > מתנות לצוות > מתנות לכל גיל > מתנות לכל גיל > בת מצווש > בת מצווש > האג מאג תרמי נירוסטה > האג מאג תרמי נירוסטה,מתנות לצוות,האג מאג תרמי נירוסטה
310,רמקול בלוטוס מחליף צבעים,מתנות לצוות > מתנות לצוות > מתנות לכל גיל > מתנות לכל גיל > בת מצווש > בת מצווש > רמקול בלוטוס מחליף צבעים > רמקול בלוטוס מחליף צבעים,מתנות לצוות,רמקול בלוטוס מחליף צבעים
312,תיק יוטה + בקבוק תרמי,מתנות לצוות > מתנות לצוות > מתנות לכל גיל > מתנות לכל גיל > בת מצווש > בת מצווש > תיק יוטה + בקבוק תרמי > תיק יוטה + בקבוק תרמי,מתנות לצוות,תיק יוטה + בקבוק תרמי
43,ארנק כסף מעוצב עם שם,מתנות לצוות > מתנות לצוות > מתנות לכל גיל > מתנות לכל גיל > בת מצווש > בת מצווש > ארנק כסף מעוצב עם שם > ארנק כסף מעוצב עם שם,מתנות לצוות,ארנק כסף מעוצב עם שם
44,מחברת עם כריכת דמוי עור - מתכונים,מתנות לצוות > מתנות לצוות > מתנות לכל גיל > מתנות לכל גיל > בת מצווש > בת מצווש > מחברת עם כריכת דמוי עור - מתכונים > מחברת עם כריכת דמוי עור - מתכונים,מתנות לצוות,מחברת עם כריכת דמוי עור - מתכונים
64,הדפסה על עץ - 2 לבבות,מתנות לצוות > מתנות לצוות > מתנות לכל גיל > מתנות לכל גיל > בת מצווש > בת מצווש > הדפסה על עץ - 2 לבבות > הדפסה על עץ - 2 לבבות,מתנות לצוות,הדפסה על עץ - 2 לבבות
65,כוס שמפניה עם כיתוב,מתנות לצוות > מתנות לצוות > מתנות לכל גיל > מתנות לכל גיל > בת מצווש > בת מצווש > כוס שמפניה עם כיתוב > כוס שמפניה עם כיתוב,מתנות לצוות,כוס שמפניה עם כיתוב
67,מחברת פייטים מתחלפים,מתנות לצוות > מתנות לצוות > מתנות לכל גיל > מתנות לכל גיל > בת מצווש > בת מצווש > מחברת פייטים מתחלפים > מחברת פייטים מתחלפים,מתנות לצוות,מחברת פייטים מתחלפים
68,סט פדיקור מניקור 6 חלקים ממותג,מתנות לצוות > מתנות לצוות > מתנות לכל גיל > מתנות לכל גיל > בת מצווש > בת מצווש > סט פדיקור מניקור 6 חלקים ממותג > סט פדיקור מניקור 6 חלקים ממותג,מתנות לצוות,סט פדיקור מניקור 6 חלקים ממותג
28,פאזל עץ עם תמונת הילד,מתנות לצוות > מתנות לצוות > מתנות לכל גיל > מתנות לכל גיל > מתנות לאוהבים > מתנות לאוהבים > פאזל עץ עם תמונת הילד > פאזל עץ עם תמונת הילד,מתנות לצוות,פאזל עץ עם תמונת הילד
38,הדפסה על עץ עם רגלית ניקל,מתנות לצוות > מתנות לצוות > מתנות לכל גיל > מתנות לכל גיל > מתנות לאוהבים > מתנות לאוהבים > הדפסה על עץ עם רגלית ניקל > הדפסה על עץ עם רגלית ניקל,מתנות לצוות,הדפסה על עץ עם רגלית ניקל
50,מארז מאי,מתנות לצוות > מתנות לצוות > מתנות לכל גיל > מתנות לכל גיל > מתנות לאוהבים > מתנות לאוהבים > מארז מאי > מארז מאי,מתנות לצוות,מארז מאי
64,הדפסה על עץ - 2 לבבות,מתנות לצוות > מתנות לצוות > מתנות לכל גיל > מתנות לכל גיל > מתנות לאוהבים > מתנות לאוהבים > הדפסה על עץ - 2 לבבות > הדפסה על עץ - 2 לבבות,מתנות לצוות,הדפסה על עץ - 2 לבבות
72,אוזניות אלחוטיות TWS ממותגות!,מתנות לצוות > מתנות לצוות > מתנות לכל גיל > מתנות לכל גיל > מתנות לאוהבים > מתנות לאוהבים > אוזניות אלחוטיות TWS ממותגות! > אוזניות אלחוטיות TWS ממותגות!,מתנות לצוות,אוזניות אלחוטיות TWS ממותגות!
97,שלט עץ לדלת,מתנות לצוות > מתנות לצוות > מתנות לכל גיל > מתנות לכל גיל > מתנות לאוהבים > מתנות לאוהבים > שלט עץ לדלת > שלט עץ לדלת,מתנות לצוות,שלט עץ לדלת
98,שלט אלומיניום לדלת,מתנות לצוות > מתנות לצוות > מתנות לכל גיל > מתנות לכל גיל > מתנות לאוהבים > מתנות לאוהבים > שלט אלומיניום לדלת > שלט אלומיניום לדלת,מתנות לצוות,שלט אלומיניום לדלת
16,עידוד לבידוד לילד,"לבית, לאם ולמשפחה > לבית, לאם ולמשפחה > עידוד לבידוד לילד > עידוד לבידוד לילד","לבית, לאם ולמשפחה",עידוד לבידוד לילד
17,מגבת קפוצ'ון עם תמונה או שם - 100% כותנה,"לבית, לאם ולמשפחה > לבית, לאם ולמשפחה > מגבת קפוצ'ון עם תמונה או שם - 100% כותנה > מגבת קפוצ'ון עם תמונה או שם - 100% כותנה","לבית, לאם ולמשפחה",מגבת קפוצ'ון עם תמונה או שם - 100% כותנה
173,פד לעכבר עם ציור הילד,"לבית, לאם ולמשפחה > לבית, לאם ולמשפחה > פד לעכבר עם ציור הילד > פד לעכבר עם ציור הילד","לבית, לאם ולמשפחה",פד לעכבר עם ציור הילד
177,מחזיק מפתחות מלבן,"לבית, לאם ולמשפחה > לבית, לאם ולמשפחה > מחזיק מפתחות מלבן > מחזיק מפתחות מלבן","לבית, לאם ולמשפחה",מחזיק מפתחות מלבן
18,בגד גוף בעיצוב אישי,"לבית, לאם ולמשפחה > לבית, לאם ולמשפחה > בגד גוף בעיצוב אישי > בגד גוף בעיצוב אישי","לבית, לאם ולמשפחה",בגד גוף בעיצוב אישי
19,הדום עם אחסון לצעצועים,"לבית, לאם ולמשפחה > לבית, לאם ולמשפחה > הדום עם אחסון לצעצועים > הדום עם אחסון לצעצועים","לבית, לאם ולמשפחה",הדום עם אחסון לצעצועים
20,הדפסה על אבן בזלת,"לבית, לאם ולמשפחה > לבית, לאם ולמשפחה > הדפסה על אבן בזלת > הדפסה על אבן בזלת","לבית, לאם ולמשפחה",הדפסה על אבן בזלת
21,כדור שלג לבבות,"לבית, לאם ולמשפחה > לבית, לאם ולמשפחה > כדור שלג לבבות > כדור שלג לבבות","לבית, לאם ולמשפחה",כדור שלג לבבות
22,שלט עץ טבעי לבית,"לבית, לאם ולמשפחה > לבית, לאם ולמשפחה > שלט עץ טבעי לבית > שלט עץ טבעי לבית","לבית, לאם ולמשפחה",שלט עץ טבעי לבית
23,בלוק עץ 15*10 הדפסה ישירה,"לבית, לאם ולמשפחה > לבית, לאם ולמשפחה > בלוק עץ 15*10 הדפסה ישירה > בלוק עץ 15*10 הדפסה ישירה","לבית, לאם ולמשפחה",בלוק עץ 15*10 הדפסה ישירה
24,חוקי הבית - הדפסה על אלומיניום עם מגנט,"לבית, לאם ולמשפחה > לבית, לאם ולמשפחה > חוקי הבית - הדפסה על אלומיניום עם מגנט > חוקי הבית - הדפסה על אלומיניום עם מגנט","לבית, לאם ולמשפחה",חוקי הבית - הדפסה על אלומיניום עם מגנט
28,פאזל עץ עם תמונת הילד,"לבית, לאם ולמשפחה > לבית, לאם ולמשפחה > פאזל עץ עם תמונת הילד > פאזל עץ עם תמונת הילד","לבית, לאם ולמשפחה",פאזל עץ עם תמונת הילד
286,תמונה במסגרת לתליה - אפקט גרפיטי,"לבית, לאם ולמשפחה > לבית, לאם ולמשפחה > תמונה במסגרת לתליה - אפקט גרפיטי > תמונה במסגרת לתליה - אפקט גרפיטי","לבית, לאם ולמשפחה",תמונה במסגרת לתליה - אפקט גרפיטי
41,מדבקות עמידות לתבלינים,"לבית, לאם ולמשפחה > לבית, לאם ולמשפחה > מדבקות עמידות לתבלינים > מדבקות עמידות לתבלינים","לבית, לאם ולמשפחה",מדבקות עמידות לתבלינים
51,בלוק עץ ברכת הבית,"לבית, לאם ולמשפחה > לבית, לאם ולמשפחה > בלוק עץ ברכת הבית > בלוק עץ ברכת הבית","לבית, לאם ולמשפחה",בלוק עץ ברכת הבית
61,מעמד לתמונה מעוצב,"לבית, לאם ולמשפחה > לבית, לאם ולמשפחה > מעמד לתמונה מעוצב > מעמד לתמונה מעוצב","לבית, לאם ולמשפחה",מעמד לתמונה מעוצב
62,מחזיק מפתחות לב,"לבית, לאם ולמשפחה > לבית, לאם ולמשפחה > מחזיק מפתחות לב > מחזיק מפתחות לב","לבית, לאם ולמשפחה",מחזיק מפתחות לב
65,כוס שמפניה עם כיתוב,"לבית, לאם ולמשפחה > לבית, לאם ולמשפחה > כוס שמפניה עם כיתוב > כוס שמפניה עם כיתוב","לבית, לאם ולמשפחה",כוס שמפניה עם כיתוב
66,"""תיקניק"" - תיק לפיקניק לאם","לבית, לאם ולמשפחה > לבית, לאם ולמשפחה > ""תיקניק"" - תיק לפיקניק לאם > ""תיקניק"" - תיק לפיקניק לאם","לבית, לאם ולמשפחה","""תיקניק"" - תיק לפיקניק לאם"
68,סט פדיקור מניקור 6 חלקים ממותג,"לבית, לאם ולמשפחה > לבית, לאם ולמשפחה > סט פדיקור מניקור 6 חלקים ממותג > סט פדיקור מניקור 6 חלקים ממותג","לבית, לאם ולמשפחה",סט פדיקור מניקור 6 חלקים ממותג
69,נר ריחני ממותג,"לבית, לאם ולמשפחה > לבית, לאם ולמשפחה > נר ריחני ממותג > נר ריחני ממותג","לבית, לאם ולמשפחה",נר ריחני ממותג
71,מגבת חוף ענקית מעוטרת,"לבית, לאם ולמשפחה > לבית, לאם ולמשפחה > מגבת חוף ענקית מעוטרת > מגבת חוף ענקית מעוטרת","לבית, לאם ולמשפחה",מגבת חוף ענקית מעוטרת
72,אוזניות אלחוטיות TWS ממותגות!,"לבית, לאם ולמשפחה > לבית, לאם ולמשפחה > אוזניות אלחוטיות TWS ממותגות! > אוזניות אלחוטיות TWS ממותגות!","לבית, לאם ולמשפחה",אוזניות אלחוטיות TWS ממותגות!
80,פד לעכבר + אוזניות אלחוטיות,"לבית, לאם ולמשפחה > לבית, לאם ולמשפחה > פד לעכבר + אוזניות אלחוטיות > פד לעכבר + אוזניות אלחוטיות","לבית, לאם ולמשפחה",פד לעכבר + אוזניות אלחוטיות
88,קופסת אוכל מחולקת,"לבית, לאם ולמשפחה > לבית, לאם ולמשפחה > קופסת אוכל מחולקת > קופסת אוכל מחולקת","לבית, לאם ולמשפחה",קופסת אוכל מחולקת
97,שלט עץ לדלת,"לבית, לאם ולמשפחה > לבית, לאם ולמשפחה > שלט עץ לדלת > שלט עץ לדלת","לבית, לאם ולמשפחה",שלט עץ לדלת
98,שלט אלומיניום לדלת,"לבית, לאם ולמשפחה > לבית, לאם ולמשפחה > שלט אלומיניום לדלת > שלט אלומיניום לדלת","לבית, לאם ולמשפחה",שלט אלומיניום לדלת
18,בגד גוף בעיצוב אישי,מתנות לילדים > מתנות לילדים > ביגוד בעיצוב אישי > ביגוד בעיצוב אישי > בגד גוף בעיצוב אישי > בגד גוף בעיצוב אישי,מתנות לילדים,בגד גוף בעיצוב אישי
103,תיק גן + בקבוק + קופסת אוכל תואמים,מתנות לילדים > מתנות לילדים > מתנות לידה > מתנות לידה > תיק גן + בקבוק + קופסת אוכל תואמים > תיק גן + בקבוק + קופסת אוכל תואמים,מתנות לילדים,תיק גן + בקבוק + קופסת אוכל תואמים
16,עידוד לבידוד לילד,מתנות לילדים > מתנות לילדים > מתנות לידה > מתנות לידה > עידוד לבידוד לילד > עידוד לבידוד לילד,מתנות לילדים,עידוד לבידוד לילד
19,הדום עם אחסון לצעצועים,מתנות לילדים > מתנות לילדים > מתנות לידה > מתנות לידה > הדום עם אחסון לצעצועים > הדום עם אחסון לצעצועים,מתנות לילדים,הדום עם אחסון לצעצועים
49,תעודת לידובי,מתנות לילדים > מתנות לילדים > מתנות לידה > מתנות לידה > תעודת לידובי > תעודת לידובי,מתנות לילדים,תעודת לידובי
103,תיק גן + בקבוק + קופסת אוכל תואמים,מבצעים > מבצעים > תיק גן + בקבוק + קופסת אוכל תואמים > תיק גן + בקבוק + קופסת אוכל תואמים,מבצעים,תיק גן + בקבוק + קופסת אוכל תואמים
296,מזוודת צבעים אישית + חוברת צביעה של איורי הילדים,מבצעים > מבצעים > מזוודת צבעים אישית + חוברת צביעה של איורי הילדים > מזוודת צבעים אישית + חוברת צביעה של איורי הילדים,מבצעים,מזוודת צבעים אישית + חוברת צביעה של איורי הילדים
297,מעמד שולחני לנייד,מבצעים > מבצעים > מעמד שולחני לנייד > מעמד שולחני לנייד,מבצעים,מעמד שולחני לנייד
298,מטקות עם כלי משחק לשש בש דמקה ושחמט,מבצעים > מבצעים > מטקות עם כלי משחק לשש בש דמקה ושחמט > מטקות עם כלי משחק לשש בש דמקה ושחמט,מבצעים,מטקות עם כלי משחק לשש בש דמקה ושחמט
299,תיק כותנה בשילוב יוטה,מבצעים > מבצעים > תיק כותנה בשילוב יוטה > תיק כותנה בשילוב יוטה,מבצעים,תיק כותנה בשילוב יוטה
300,סוללת גיבוי 5000MAH מבמבוק,מבצעים > מבצעים > סוללת גיבוי 5000MAH מבמבוק > סוללת גיבוי 5000MAH מבמבוק,מבצעים,סוללת גיבוי 5000MAH מבמבוק
302,קופסת אוכל מחולקת איכותית בשילוב עץ,מבצעים > מבצעים > קופסת אוכל מחולקת איכותית בשילוב עץ > קופסת אוכל מחולקת איכותית בשילוב עץ,מבצעים,קופסת אוכל מחולקת איכותית בשילוב עץ
303,ערסל מים מתנפח,מבצעים > מבצעים > ערסל מים מתנפח > ערסל מים מתנפח,מבצעים,ערסל מים מתנפח
304,תיק ים שקוף,מבצעים > מבצעים > תיק ים שקוף > תיק ים שקוף,מבצעים,תיק ים שקוף
306,בקבוק שתייה שקוף בשילוב נירוסטה,מבצעים > מבצעים > בקבוק שתייה שקוף בשילוב נירוסטה > בקבוק שתייה שקוף בשילוב נירוסטה,מבצעים,בקבוק שתייה שקוף בשילוב נירוסטה
43,ארנק כסף מעוצב עם שם,מבצעים > מבצעים > ארנק כסף מעוצב עם שם > ארנק כסף מעוצב עם שם,מבצעים,ארנק כסף מעוצב עם שם
50,מארז מאי,מבצעים > מבצעים > מארז מאי > מארז מאי,מבצעים,מארז מאי
66,"""תיקניק"" - תיק לפיקניק לאם","מבצעים > מבצעים > ""תיקניק"" - תיק לפיקניק לאם > ""תיקניק"" - תיק לפיקניק לאם",מבצעים,"""תיקניק"" - תיק לפיקניק לאם"
76,קלמר 3 תאים מעוצב + סט כלי כתיבה מתנה!,מבצעים > מבצעים > קלמר 3 תאים מעוצב + סט כלי כתיבה מתנה! > קלמר 3 תאים מעוצב + סט כלי כתיבה מתנה!,מבצעים,קלמר 3 תאים מעוצב + סט כלי כתיבה מתנה!
88,קופסת אוכל מחולקת,מבצעים > מבצעים > קופסת אוכל מחולקת > קופסת אוכל מחולקת,מבצעים,קופסת אוכל מחולקת
107,תיק גן בעיצוב דינוזאור,תיק גן > תיק גן > תיק גן עם שם - בנים > תיק גן עם שם - בנים > תיק גן בעיצוב דינוזאור > תיק גן בעיצוב דינוזאור,תיק גן,תיק גן בעיצוב דינוזאור
108,תיק גן אריה,תיק גן > תיק גן > תיק גן עם שם - בנים > תיק גן עם שם - בנים > תיק גן אריה > תיק גן אריה,תיק גן,תיק גן אריה
110,תיק גן מרוץ מכוניות,תיק גן > תיק גן > תיק גן עם שם - בנים > תיק גן עם שם - בנים > תיק גן מרוץ מכוניות > תיק גן מרוץ מכוניות,תיק גן,תיק גן מרוץ מכוניות
112,תיק גן כדורגל,תיק גן > תיק גן > תיק גן עם שם - בנים > תיק גן עם שם - בנים > תיק גן כדורגל > תיק גן כדורגל,תיק גן,תיק גן כדורגל
113,תיק גן אופנוען,תיק גן > תיק גן > תיק גן עם שם - בנים > תיק גן עם שם - בנים > תיק גן אופנוען > תיק גן אופנוען,תיק גן,תיק גן אופנוען
115,תיק גן חיוכים,תיק גן > תיק גן > תיק גן עם שם - בנים > תיק גן עם שם - בנים > תיק גן חיוכים > תיק גן חיוכים,תיק גן,תיק גן חיוכים
116,תיק גן בהדפס ציפורים,תיק גן > תיק גן > תיק גן עם שם - בנים > תיק גן עם שם - בנים > תיק גן בהדפס ציפורים > תיק גן בהדפס ציפורים,תיק גן,תיק גן בהדפס ציפורים
117,תיק גן חלל,תיק גן > תיק גן > תיק גן עם שם - בנים > תיק גן עם שם - בנים > תיק גן חלל > תיק גן חלל,תיק גן,תיק גן חלל
118,תיק גן על חלל,תיק גן > תיק גן > תיק גן עם שם - בנים > תיק גן עם שם - בנים > תיק גן על חלל > תיק גן על חלל,תיק גן,תיק גן על חלל
120,תיק גן מכונית מרוץ,תיק גן > תיק גן > תיק גן עם שם - בנים > תיק גן עם שם - בנים > תיק גן מכונית מרוץ > תיק גן מכונית מרוץ,תיק גן,תיק גן מכונית מרוץ
121,תיק גן ילד צבעוני,תיק גן > תיק גן > תיק גן עם שם - בנים > תיק גן עם שם - בנים > תיק גן ילד צבעוני > תיק גן ילד צבעוני,תיק גן,תיק גן ילד צבעוני
124,תיק גן טרקטורים,תיק גן > תיק גן > תיק גן עם שם - בנים > תיק גן עם שם - בנים > תיק גן טרקטורים > תיק גן טרקטורים,תיק גן,תיק גן טרקטורים
125,תיק גן גיבור על,תיק גן > תיק גן > תיק גן עם שם - בנים > תיק גן עם שם - בנים > תיק גן גיבור על > תיק גן גיבור על,תיק גן,תיק גן גיבור על
130,תיק גן גרפיטי,תיק גן > תיק גן > תיק גן עם שם - בנים > תיק גן עם שם - בנים > תיק גן גרפיטי > תיק גן גרפיטי,תיק גן,תיק גן גרפיטי
131,תיק גן גרפיטי נקי,תיק גן > תיק גן > תיק גן עם שם - בנים > תיק גן עם שם - בנים > תיק גן גרפיטי נקי > תיק גן גרפיטי נקי,תיק גן,תיק גן גרפיטי נקי
132,תיק פרפרים,תיק גן > תיק גן > תיק גן עם שם - בנים > תיק גן עם שם - בנים > תיק פרפרים > תיק פרפרים,תיק גן,תיק פרפרים
133,תיק גן רב חובל,תיק גן > תיק גן > תיק גן עם שם - בנים > תיק גן עם שם - בנים > תיק גן רב חובל > תיק גן רב חובל,תיק גן,תיק גן רב חובל
135,תיק גן בעיצוב אישי,תיק גן > תיק גן > תיק גן עם שם - בנים > תיק גן עם שם - בנים > תיק גן בעיצוב אישי > תיק גן בעיצוב אישי,תיק גן,תיק גן בעיצוב אישי
315,תיק גן - קיר גרפיטי,תיק גן > תיק גן > תיק גן עם שם - בנים > תיק גן עם שם - בנים > תיק גן - קיר גרפיטי > תיק גן - קיר גרפיטי,תיק גן,תיק גן - קיר גרפיטי
317,תיק גן - חצים,תיק גן > תיק גן > תיק גן עם שם - בנים > תיק גן עם שם - בנים > תיק גן - חצים > תיק גן - חצים,תיק גן,תיק גן - חצים
318,תיק גן - כוכבים,תיק גן > תיק גן > תיק גן עם שם - בנים > תיק גן עם שם - בנים > תיק גן - כוכבים > תיק גן - כוכבים,תיק גן,תיק גן - כוכבים
319,תיק גן - אמוג'יז,תיק גן > תיק גן > תיק גן עם שם - בנים > תיק גן עם שם - בנים > תיק גן - אמוג'יז > תיק גן - אמוג'יז,תיק גן,תיק גן - אמוג'יז
322,תיק גן - מקושקש,תיק גן > תיק גן > תיק גן עם שם - בנים > תיק גן עם שם - בנים > תיק גן - מקושקש > תיק גן - מקושקש,תיק גן,תיק גן - מקושקש
323,תיק גן - כתרים צבעוניים,תיק גן > תיק גן > תיק גן עם שם - בנים > תיק גן עם שם - בנים > תיק גן - כתרים צבעוניים > תיק גן - כתרים צבעוניים,תיק גן,תיק גן - כתרים צבעוניים
324,תיק גן - מסע בחלל,תיק גן > תיק גן > תיק גן עם שם - בנים > תיק גן עם שם - בנים > תיק גן - מסע בחלל > תיק גן - מסע בחלל,תיק גן,תיק גן - מסע בחלל
325,תיק גן - כדורגל עדין,תיק גן > תיק גן > תיק גן עם שם - בנים > תיק גן עם שם - בנים > תיק גן - כדורגל עדין > תיק גן - כדורגל עדין,תיק גן,תיק גן - כדורגל עדין
326,תיק גן - קרעים,תיק גן > תיק גן > תיק גן עם שם - בנים > תיק גן עם שם - בנים > תיק גן - קרעים > תיק גן - קרעים,תיק גן,תיק גן - קרעים
327,תיק גן - ראלי,תיק גן > תיק גן > תיק גן עם שם - בנים > תיק גן עם שם - בנים > תיק גן - ראלי > תיק גן - ראלי,תיק גן,תיק גן - ראלי
328,תיק גן - כדורסל,תיק גן > תיק גן > תיק גן עם שם - בנים > תיק גן עם שם - בנים > תיק גן - כדורסל > תיק גן - כדורסל,תיק גן,תיק גן - כדורסל
106,תיק גן דפוס חד קרן,תיק גן > תיק גן > תיק גן עם שם - בנות > תיק גן עם שם - בנות > תיק גן דפוס חד קרן > תיק גן דפוס חד קרן,תיק גן,תיק גן דפוס חד קרן
111,תיק גן דפוס פלמינגו,תיק גן > תיק גן > תיק גן עם שם - בנות > תיק גן עם שם - בנות > תיק גן דפוס פלמינגו > תיק גן דפוס פלמינגו,תיק גן,תיק גן דפוס פלמינגו
116,תיק גן בהדפס ציפורים,תיק גן > תיק גן > תיק גן עם שם - בנות > תיק גן עם שם - בנות > תיק גן בהדפס ציפורים > תיק גן בהדפס ציפורים,תיק גן,תיק גן בהדפס ציפורים
117,תיק גן חלל,תיק גן > תיק גן > תיק גן עם שם - בנות > תיק גן עם שם - בנות > תיק גן חלל > תיק גן חלל,תיק גן,תיק גן חלל
119,תיק גן שיש זהב,תיק גן > תיק גן > תיק גן עם שם - בנות > תיק גן עם שם - בנות > תיק גן שיש זהב > תיק גן שיש זהב,תיק גן,תיק גן שיש זהב
122,תיק גן גלידה,תיק גן > תיק גן > תיק גן עם שם - בנות > תיק גן עם שם - בנות > תיק גן גלידה > תיק גן גלידה,תיק גן,תיק גן גלידה
123,תיק גן קשקושים,תיק גן > תיק גן > תיק גן עם שם - בנות > תיק גן עם שם - בנות > תיק גן קשקושים > תיק גן קשקושים,תיק גן,תיק גן קשקושים
126,תיק גן מנצנץ,תיק גן > תיק גן > תיק גן עם שם - בנות > תיק גן עם שם - בנות > תיק גן מנצנץ > תיק גן מנצנץ,תיק גן,תיק גן מנצנץ
127,תיק גן חד קרן ונסיכות,תיק גן > תיק גן > תיק גן עם שם - בנות > תיק גן עם שם - בנות > תיק גן חד קרן ונסיכות > תיק גן חד קרן ונסיכות,תיק גן,תיק גן חד קרן ונסיכות
128,תיק גן חד קרן פסטל,תיק גן > תיק גן > תיק גן עם שם - בנות > תיק גן עם שם - בנות > תיק גן חד קרן פסטל > תיק גן חד קרן פסטל,תיק גן,תיק גן חד קרן פסטל
129,תיק גן חתולה,תיק גן > תיק גן > תיק גן עם שם - בנות > תיק גן עם שם - בנות > תיק גן חתולה > תיק גן חתולה,תיק גן,תיק גן חתולה
130,תיק גן גרפיטי,תיק גן > תיק גן > תיק גן עם שם - בנות > תיק גן עם שם - בנות > תיק גן גרפיטי > תיק גן גרפיטי,תיק גן,תיק גן גרפיטי
131,תיק גן גרפיטי נקי,תיק גן > תיק גן > תיק גן עם שם - בנות > תיק גן עם שם - בנות > תיק גן גרפיטי נקי > תיק גן גרפיטי נקי,תיק גן,תיק גן גרפיטי נקי
132,תיק פרפרים,תיק גן > תיק גן > תיק גן עם שם - בנות > תיק גן עם שם - בנות > תיק פרפרים > תיק פרפרים,תיק גן,תיק פרפרים
133,תיק גן רב חובל,תיק גן > תיק גן > תיק גן עם שם - בנות > תיק גן עם שם - בנות > תיק גן רב חובל > תיק גן רב חובל,תיק גן,תיק גן רב חובל
134,תיק גן לב - גיאומטרי,תיק גן > תיק גן > תיק גן עם שם - בנות > תיק גן עם שם - בנות > תיק גן לב - גיאומטרי > תיק גן לב - גיאומטרי,תיק גן,תיק גן לב - גיאומטרי
135,תיק גן בעיצוב אישי,תיק גן > תיק גן > תיק גן עם שם - בנות > תיק גן עם שם - בנות > תיק גן בעיצוב אישי > תיק גן בעיצוב אישי,תיק גן,תיק גן בעיצוב אישי
317,תיק גן - חצים,תיק גן > תיק גן > תיק גן עם שם - בנות > תיק גן עם שם - בנות > תיק גן - חצים > תיק גן - חצים,תיק גן,תיק גן - חצים
318,תיק גן - כוכבים,תיק גן > תיק גן > תיק גן עם שם - בנות > תיק גן עם שם - בנות > תיק גן - כוכבים > תיק גן - כוכבים,תיק גן,תיק גן - כוכבים
319,תיק גן - אמוג'יז,תיק גן > תיק גן > תיק גן עם שם - בנות > תיק גן עם שם - בנות > תיק גן - אמוג'יז > תיק גן - אמוג'יז,תיק גן,תיק גן - אמוג'יז
323,תיק גן - כתרים צבעוניים,תיק גן > תיק גן > תיק גן עם שם - בנות > תיק גן עם שם - בנות > תיק גן - כתרים צבעוניים > תיק גן - כתרים צבעוניים,תיק גן,תיק גן - כתרים צבעוניים
324,תיק גן - מסע בחלל,תיק גן > תיק גן > תיק גן עם שם - בנות > תיק גן עם שם - בנות > תיק גן - מסע בחלל > תיק גן - מסע בחלל,תיק גן,תיק גן - מסע בחלל
326,תיק גן - קרעים,תיק גן > תיק גן > תיק גן עם שם - בנות > תיק גן עם שם - בנות > תיק גן - קרעים > תיק גן - קרעים,תיק גן,תיק גן - קרעים
328,תיק גן - כדורסל,תיק גן > תיק גן > תיק גן עם שם - בנות > תיק גן עם שם - בנות > תיק גן - כדורסל > תיק גן - כדורסל,תיק גן,תיק גן - כדורסל
329,תיק גן - הטירה הקסומה,תיק גן > תיק גן > תיק גן עם שם - בנות > תיק גן עם שם - בנות > תיק גן - הטירה הקסומה > תיק גן - הטירה הקסומה,תיק גן,תיק גן - הטירה הקסומה
135,תיק גן בעיצוב אישי,תיק גן > תיק גן > תיק גן עם תמונה - בנות > תיק גן עם תמונה - בנות > תיק גן בעיצוב אישי > תיק גן בעיצוב אישי,תיק גן,תיק גן בעיצוב אישי
136,תיק גן - משחק מחשב,תיק גן > תיק גן > תיק גן עם תמונה - בנות > תיק גן עם תמונה - בנות > תיק גן - משחק מחשב > תיק גן - משחק מחשב,תיק גן,תיק גן - משחק מחשב
137,תיק גן עיצוב בטון,תיק גן > תיק גן > תיק גן עם תמונה - בנות > תיק גן עם תמונה - בנות > תיק גן עיצוב בטון > תיק גן עיצוב בטון,תיק גן,תיק גן עיצוב בטון
138,תיק גן - הכוכב שלי,תיק גן > תיק גן > תיק גן עם תמונה - בנות > תיק גן עם תמונה - בנות > תיק גן - הכוכב שלי > תיק גן - הכוכב שלי,תיק גן,תיק גן - הכוכב שלי
139,תיק גן - אימוג'י,תיק גן > תיק גן > תיק גן עם תמונה - בנות > תיק גן עם תמונה - בנות > תיק גן - אימוג'י > תיק גן - אימוג'י,תיק גן,תיק גן - אימוג'י
140,תיק גן - חתולים וצבעים,תיק גן > תיק גן > תיק גן עם תמונה - בנות > תיק גן עם תמונה - בנות > תיק גן - חתולים וצבעים > תיק גן - חתולים וצבעים,תיק גן,תיק גן - חתולים וצבעים
141,תיק גן - הולוגרמה,תיק גן > תיק גן > תיק גן עם תמונה - בנות > תיק גן עם תמונה - בנות > תיק גן - הולוגרמה > תיק גן - הולוגרמה,תיק גן,תיק גן - הולוגרמה
142,תיק גן - בטבע,תיק גן > תיק גן > תיק גן עם תמונה - בנות > תיק גן עם תמונה - בנות > תיק גן - בטבע > תיק גן - בטבע,תיק גן,תיק גן - בטבע
144,תיק גן - חלונות,תיק גן > תיק גן > תיק גן עם תמונה - בנות > תיק גן עם תמונה - בנות > תיק גן - חלונות > תיק גן - חלונות,תיק גן,תיק גן - חלונות
145,תיק גן - כוכבים,תיק גן > תיק גן > תיק גן עם תמונה - בנות > תיק גן עם תמונה - בנות > תיק גן - כוכבים > תיק גן - כוכבים,תיק גן,תיק גן - כוכבים
314,תיק גן - איש העכביש,תיק גן > תיק גן > תיק גן עם תמונה - בנות > תיק גן עם תמונה - בנות > תיק גן - איש העכביש > תיק גן - איש העכביש,תיק גן,תיק גן - איש העכביש
320,תיק גן - כתר לבן,תיק גן > תיק גן > תיק גן עם תמונה - בנות > תיק גן עם תמונה - בנות > תיק גן - כתר לבן > תיק גן - כתר לבן,תיק גן,תיק גן - כתר לבן
321,תיק גן - פסים,תיק גן > תיק גן > תיק גן עם תמונה - בנות > תיק גן עם תמונה - בנות > תיק גן - פסים > תיק גן - פסים,תיק גן,תיק גן - פסים
135,תיק גן בעיצוב אישי,תיק גן > תיק גן > תיק גן עם תמונה - בנים > תיק גן עם תמונה - בנים > תיק גן בעיצוב אישי > תיק גן בעיצוב אישי,תיק גן,תיק גן בעיצוב אישי
136,תיק גן - משחק מחשב,תיק גן > תיק גן > תיק גן עם תמונה - בנים > תיק גן עם תמונה - בנים > תיק גן - משחק מחשב > תיק גן - משחק מחשב,תיק גן,תיק גן - משחק מחשב
137,תיק גן עיצוב בטון,תיק גן > תיק גן > תיק גן עם תמונה - בנים > תיק גן עם תמונה - בנים > תיק גן עיצוב בטון > תיק גן עיצוב בטון,תיק גן,תיק גן עיצוב בטון
138,תיק גן - הכוכב שלי,תיק גן > תיק גן > תיק גן עם תמונה - בנים > תיק גן עם תמונה - בנים > תיק גן - הכוכב שלי > תיק גן - הכוכב שלי,תיק גן,תיק גן - הכוכב שלי
139,תיק גן - אימוג'י,תיק גן > תיק גן > תיק גן עם תמונה - בנים > תיק גן עם תמונה - בנים > תיק גן - אימוג'י > תיק גן - אימוג'י,תיק גן,תיק גן - אימוג'י
142,תיק גן - בטבע,תיק גן > תיק גן > תיק גן עם תמונה - בנים > תיק גן עם תמונה - בנים > תיק גן - בטבע > תיק גן - בטבע,תיק גן,תיק גן - בטבע
143,תיק גן - כדורגל,תיק גן > תיק גן > תיק גן עם תמונה - בנים > תיק גן עם תמונה - בנים > תיק גן - כדורגל > תיק גן - כדורגל,תיק גן,תיק גן - כדורגל
144,תיק גן - חלונות,תיק גן > תיק גן > תיק גן עם תמונה - בנים > תיק גן עם תמונה - בנים > תיק גן - חלונות > תיק גן - חלונות,תיק גן,תיק גן - חלונות
145,תיק גן - כוכבים,תיק גן > תיק גן > תיק גן עם תמונה - בנים > תיק גן עם תמונה - בנים > תיק גן - כוכבים > תיק גן - כוכבים,תיק גן,תיק גן - כוכבים
314,תיק גן - איש העכביש,תיק גן > תיק גן > תיק גן עם תמונה - בנים > תיק גן עם תמונה - בנים > תיק גן - איש העכביש > תיק גן - איש העכביש,תיק גן,תיק גן - איש העכביש
320,תיק גן - כתר לבן,תיק גן > תיק גן > תיק גן עם תמונה - בנים > תיק גן עם תמונה - בנים > תיק גן - כתר לבן > תיק גן - כתר לבן,תיק גן,תיק גן - כתר לבן
321,תיק גן - פסים,תיק גן > תיק גן > תיק גן עם תמונה - בנים > תיק גן עם תמונה - בנים > תיק גן - פסים > תיק גן - פסים,תיק גן,תיק גן - פסים
106,תיק גן דפוס חד קרן,תיק גן > תיק גן > תיק גן עם שם > תיק גן עם שם > תיק גן דפוס חד קרן > תיק גן דפוס חד קרן,תיק גן,תיק גן דפוס חד קרן
107,תיק גן בעיצוב דינוזאור,תיק גן > תיק גן > תיק גן עם שם > תיק גן עם שם > תיק גן בעיצוב דינוזאור > תיק גן בעיצוב דינוזאור,תיק גן,תיק גן בעיצוב דינוזאור
108,תיק גן אריה,תיק גן > תיק גן > תיק גן עם שם > תיק גן עם שם > תיק גן אריה > תיק גן אריה,תיק גן,תיק גן אריה
110,תיק גן מרוץ מכוניות,תיק גן > תיק גן > תיק גן עם שם > תיק גן עם שם > תיק גן מרוץ מכוניות > תיק גן מרוץ מכוניות,תיק גן,תיק גן מרוץ מכוניות
111,תיק גן דפוס פלמינגו,תיק גן > תיק גן > תיק גן עם שם > תיק גן עם שם > תיק גן דפוס פלמינגו > תיק גן דפוס פלמינגו,תיק גן,תיק גן דפוס פלמינגו
112,תיק גן כדורגל,תיק גן > תיק גן > תיק גן עם שם > תיק גן עם שם > תיק גן כדורגל > תיק גן כדורגל,תיק גן,תיק גן כדורגל
113,תיק גן אופנוען,תיק גן > תיק גן > תיק גן עם שם > תיק גן עם שם > תיק גן אופנוען > תיק גן אופנוען,תיק גן,תיק גן אופנוען
115,תיק גן חיוכים,תיק גן > תיק גן > תיק גן עם שם > תיק גן עם שם > תיק גן חיוכים > תיק גן חיוכים,תיק גן,תיק גן חיוכים
116,תיק גן בהדפס ציפורים,תיק גן > תיק גן > תיק גן עם שם > תיק גן עם שם > תיק גן בהדפס ציפורים > תיק גן בהדפס ציפורים,תיק גן,תיק גן בהדפס ציפורים
117,תיק גן חלל,תיק גן > תיק גן > תיק גן עם שם > תיק גן עם שם > תיק גן חלל > תיק גן חלל,תיק גן,תיק גן חלל
118,תיק גן על חלל,תיק גן > תיק גן > תיק גן עם שם > תיק גן עם שם > תיק גן על חלל > תיק גן על חלל,תיק גן,תיק גן על חלל
119,תיק גן שיש זהב,תיק גן > תיק גן > תיק גן עם שם > תיק גן עם שם > תיק גן שיש זהב > תיק גן שיש זהב,תיק גן,תיק גן שיש זהב
120,תיק גן מכונית מרוץ,תיק גן > תיק גן > תיק גן עם שם > תיק גן עם שם > תיק גן מכונית מרוץ > תיק גן מכונית מרוץ,תיק גן,תיק גן מכונית מרוץ
121,תיק גן ילד צבעוני,תיק גן > תיק גן > תיק גן עם שם > תיק גן עם שם > תיק גן ילד צבעוני > תיק גן ילד צבעוני,תיק גן,תיק גן ילד צבעוני
122,תיק גן גלידה,תיק גן > תיק גן > תיק גן עם שם > תיק גן עם שם > תיק גן גלידה > תיק גן גלידה,תיק גן,תיק גן גלידה
123,תיק גן קשקושים,תיק גן > תיק גן > תיק גן עם שם > תיק גן עם שם > תיק גן קשקושים > תיק גן קשקושים,תיק גן,תיק גן קשקושים
124,תיק גן טרקטורים,תיק גן > תיק גן > תיק גן עם שם > תיק גן עם שם > תיק גן טרקטורים > תיק גן טרקטורים,תיק גן,תיק גן טרקטורים
125,תיק גן גיבור על,תיק גן > תיק גן > תיק גן עם שם > תיק גן עם שם > תיק גן גיבור על > תיק גן גיבור על,תיק גן,תיק גן גיבור על
126,תיק גן מנצנץ,תיק גן > תיק גן > תיק גן עם שם > תיק גן עם שם > תיק גן מנצנץ > תיק גן מנצנץ,תיק גן,תיק גן מנצנץ
127,תיק גן חד קרן ונסיכות,תיק גן > תיק גן > תיק גן עם שם > תיק גן עם שם > תיק גן חד קרן ונסיכות > תיק גן חד קרן ונסיכות,תיק גן,תיק גן חד קרן ונסיכות
128,תיק גן חד קרן פסטל,תיק גן > תיק גן > תיק גן עם שם > תיק גן עם שם > תיק גן חד קרן פסטל > תיק גן חד קרן פסטל,תיק גן,תיק גן חד קרן פסטל
129,תיק גן חתולה,תיק גן > תיק גן > תיק גן עם שם > תיק גן עם שם > תיק גן חתולה > תיק גן חתולה,תיק גן,תיק גן חתולה
130,תיק גן גרפיטי,תיק גן > תיק גן > תיק גן עם שם > תיק גן עם שם > תיק גן גרפיטי > תיק גן גרפיטי,תיק גן,תיק גן גרפיטי
131,תיק גן גרפיטי נקי,תיק גן > תיק גן > תיק גן עם שם > תיק גן עם שם > תיק גן גרפיטי נקי > תיק גן גרפיטי נקי,תיק גן,תיק גן גרפיטי נקי
132,תיק פרפרים,תיק גן > תיק גן > תיק גן עם שם > תיק גן עם שם > תיק פרפרים > תיק פרפרים,תיק גן,תיק פרפרים
133,תיק גן רב חובל,תיק גן > תיק גן > תיק גן עם שם > תיק גן עם שם > תיק גן רב חובל > תיק גן רב חובל,תיק גן,תיק גן רב חובל
134,תיק גן לב - גיאומטרי,תיק גן > תיק גן > תיק גן עם שם > תיק גן עם שם > תיק גן לב - גיאומטרי > תיק גן לב - גיאומטרי,תיק גן,תיק גן לב - גיאומטרי
135,תיק גן בעיצוב אישי,תיק גן > תיק גן > תיק גן עם שם > תיק גן עם שם > תיק גן בעיצוב אישי > תיק גן בעיצוב אישי,תיק גן,תיק גן בעיצוב אישי
315,תיק גן - קיר גרפיטי,תיק גן > תיק גן > תיק גן עם שם > תיק גן עם שם > תיק גן - קיר גרפיטי > תיק גן - קיר גרפיטי,תיק גן,תיק גן - קיר גרפיטי
316,תיק גן - פיצוץ,תיק גן > תיק גן > תיק גן עם שם > תיק גן עם שם > תיק גן - פיצוץ > תיק גן - פיצוץ,תיק גן,תיק גן - פיצוץ
317,תיק גן - חצים,תיק גן > תיק גן > תיק גן עם שם > תיק גן עם שם > תיק גן - חצים > תיק גן - חצים,תיק גן,תיק גן - חצים
318,תיק גן - כוכבים,תיק גן > תיק גן > תיק גן עם שם > תיק גן עם שם > תיק גן - כוכבים > תיק גן - כוכבים,תיק גן,תיק גן - כוכבים
319,תיק גן - אמוג'יז,תיק גן > תיק גן > תיק גן עם שם > תיק גן עם שם > תיק גן - אמוג'יז > תיק גן - אמוג'יז,תיק גן,תיק גן - אמוג'יז
322,תיק גן - מקושקש,תיק גן > תיק גן > תיק גן עם שם > תיק גן עם שם > תיק גן - מקושקש > תיק גן - מקושקש,תיק גן,תיק גן - מקושקש
323,תיק גן - כתרים צבעוניים,תיק גן > תיק גן > תיק גן עם שם > תיק גן עם שם > תיק גן - כתרים צבעוניים > תיק גן - כתרים צבעוניים,תיק גן,תיק גן - כתרים צבעוניים
324,תיק גן - מסע בחלל,תיק גן > תיק גן > תיק גן עם שם > תיק גן עם שם > תיק גן - מסע בחלל > תיק גן - מסע בחלל,תיק גן,תיק גן - מסע בחלל
325,תיק גן - כדורגל עדין,תיק גן > תיק גן > תיק גן עם שם > תיק גן עם שם > תיק גן - כדורגל עדין > תיק גן - כדורגל עדין,תיק גן,תיק גן - כדורגל עדין
326,תיק גן - קרעים,תיק גן > תיק גן > תיק גן עם שם > תיק גן עם שם > תיק גן - קרעים > תיק גן - קרעים,תיק גן,תיק גן - קרעים
327,תיק גן - ראלי,תיק גן > תיק גן > תיק גן עם שם > תיק גן עם שם > תיק גן - ראלי > תיק גן - ראלי,תיק גן,תיק גן - ראלי
328,תיק גן - כדורסל,תיק גן > תיק גן > תיק גן עם שם > תיק גן עם שם > תיק גן - כדורסל > תיק גן - כדורסל,תיק גן,תיק גן - כדורסל
329,תיק גן - הטירה הקסומה,תיק גן > תיק גן > תיק גן עם שם > תיק גן עם שם > תיק גן - הטירה הקסומה > תיק גן - הטירה הקסומה,תיק גן,תיק גן - הטירה הקסומה
135,תיק גן בעיצוב אישי,תיק גן > תיק גן > תיק גן עם תמונה > תיק גן עם תמונה > תיק גן בעיצוב אישי > תיק גן בעיצוב אישי,תיק גן,תיק גן בעיצוב אישי
136,תיק גן - משחק מחשב,תיק גן > תיק גן > תיק גן עם תמונה > תיק גן עם תמונה > תיק גן - משחק מחשב > תיק גן - משחק מחשב,תיק גן,תיק גן - משחק מחשב
137,תיק גן עיצוב בטון,תיק גן > תיק גן > תיק גן עם תמונה > תיק גן עם תמונה > תיק גן עיצוב בטון > תיק גן עיצוב בטון,תיק גן,תיק גן עיצוב בטון
138,תיק גן - הכוכב שלי,תיק גן > תיק גן > תיק גן עם תמונה > תיק גן עם תמונה > תיק גן - הכוכב שלי > תיק גן - הכוכב שלי,תיק גן,תיק גן - הכוכב שלי
139,תיק גן - אימוג'י,תיק גן > תיק גן > תיק גן עם תמונה > תיק גן עם תמונה > תיק גן - אימוג'י > תיק גן - אימוג'י,תיק גן,תיק גן - אימוג'י
140,תיק גן - חתולים וצבעים,תיק גן > תיק גן > תיק גן עם תמונה > תיק גן עם תמונה > תיק גן - חתולים וצבעים > תיק גן - חתולים וצבעים,תיק גן,תיק גן - חתולים וצבעים
141,תיק גן - הולוגרמה,תיק גן > תיק גן > תיק גן עם תמונה > תיק גן עם תמונה > תיק גן - הולוגרמה > תיק גן - הולוגרמה,תיק גן,תיק גן - הולוגרמה
142,תיק גן - בטבע,תיק גן > תיק גן > תיק גן עם תמונה > תיק גן עם תמונה > תיק גן - בטבע > תיק גן - בטבע,תיק גן,תיק גן - בטבע
143,תיק גן - כדורגל,תיק גן > תיק גן > תיק גן עם תמונה > תיק גן עם תמונה > תיק גן - כדורגל > תיק גן - כדורגל,תיק גן,תיק גן - כדורגל
144,תיק גן - חלונות,תיק גן > תיק גן > תיק גן עם תמונה > תיק גן עם תמונה > תיק גן - חלונות > תיק גן - חלונות,תיק גן,תיק גן - חלונות
145,תיק גן - כוכבים,תיק גן > תיק גן > תיק גן עם תמונה > תיק גן עם תמונה > תיק גן - כוכבים > תיק גן - כוכבים,תיק גן,תיק גן - כוכבים
314,תיק גן - איש העכביש,תיק גן > תיק גן > תיק גן עם תמונה > תיק גן עם תמונה > תיק גן - איש העכביש > תיק גן - איש העכביש,תיק גן,תיק גן - איש העכביש
320,תיק גן - כתר לבן,תיק גן > תיק גן > תיק גן עם תמונה > תיק גן עם תמונה > תיק גן - כתר לבן > תיק גן - כתר לבן,תיק גן,תיק גן - כתר לבן
321,תיק גן - פסים,תיק גן > תיק גן > תיק גן עם תמונה > תיק גן עם תמונה > תיק גן - פסים > תיק גן - פסים,תיק גן,תיק גן - פסים
199,תיק שרוך,קולקציות 2022 > קולקציות 2022 > מריאנה > מריאנה > תיק שרוך > תיק שרוך,קולקציות 2022,תיק שרוך
200,בקבוק ספורט נירוסטה,קולקציות 2022 > קולקציות 2022 > מריאנה > מריאנה > בקבוק ספורט נירוסטה > בקבוק ספורט נירוסטה,קולקציות 2022,בקבוק ספורט נירוסטה
201,מגבת קפוצ'ון,קולקציות 2022 > קולקציות 2022 > מריאנה > מריאנה > מגבת קפוצ'ון > מגבת קפוצ'ון,קולקציות 2022,מגבת קפוצ'ון
227,הדום עם אחסון לצעצועים,קולקציות 2022 > קולקציות 2022 > מריאנה > מריאנה > הדום עם אחסון לצעצועים > הדום עם אחסון לצעצועים,קולקציות 2022,הדום עם אחסון לצעצועים
236,משקפי שמש עם כיסוי ממותג,קולקציות 2022 > קולקציות 2022 > מריאנה > מריאנה > משקפי שמש עם כיסוי ממותג > משקפי שמש עם כיסוי ממותג,קולקציות 2022,משקפי שמש עם כיסוי ממותג
248,כיסא חוף ממותג,קולקציות 2022 > קולקציות 2022 > מריאנה > מריאנה > כיסא חוף ממותג > כיסא חוף ממותג,קולקציות 2022,כיסא חוף ממותג
251,ספל פלסטיק לילדים,קולקציות 2022 > קולקציות 2022 > מריאנה > מריאנה > ספל פלסטיק לילדים > ספל פלסטיק לילדים,קולקציות 2022,ספל פלסטיק לילדים
265,תיק גן איכותי,קולקציות 2022 > קולקציות 2022 > מריאנה > מריאנה > תיק גן איכותי > תיק גן איכותי,קולקציות 2022,תיק גן איכותי
276,כורסא מתנפחת לילד,קולקציות 2022 > קולקציות 2022 > מריאנה > מריאנה > כורסא מתנפחת לילד > כורסא מתנפחת לילד,קולקציות 2022,כורסא מתנפחת לילד
208,מגבת קפוצ'ון,קולקציות 2022 > קולקציות 2022 > אדל > אדל > מגבת קפוצ'ון > מגבת קפוצ'ון,קולקציות 2022,מגבת קפוצ'ון
219,תיק שרוך,קולקציות 2022 > קולקציות 2022 > אדל > אדל > תיק שרוך > תיק שרוך,קולקציות 2022,תיק שרוך
234,משקפי שמש עם כיסוי ממותג,קולקציות 2022 > קולקציות 2022 > אדל > אדל > משקפי שמש עם כיסוי ממותג > משקפי שמש עם כיסוי ממותג,קולקציות 2022,משקפי שמש עם כיסוי ממותג
243,כיסא חוף ממותג,קולקציות 2022 > קולקציות 2022 > אדל > אדל > כיסא חוף ממותג > כיסא חוף ממותג,קולקציות 2022,כיסא חוף ממותג
253,ספל פלסטיק לילדים,קולקציות 2022 > קולקציות 2022 > אדל > אדל > ספל פלסטיק לילדים > ספל פלסטיק לילדים,קולקציות 2022,ספל פלסטיק לילדים
202,מגבת קפוצ'ון,קולקציות 2022 > קולקציות 2022 > איתן > איתן > מגבת קפוצ'ון > מגבת קפוצ'ון,קולקציות 2022,מגבת קפוצ'ון
223,תיק שרוך,קולקציות 2022 > קולקציות 2022 > איתן > איתן > תיק שרוך > תיק שרוך,קולקציות 2022,תיק שרוך
228,הדום עם אחסון לצעצועים,קולקציות 2022 > קולקציות 2022 > איתן > איתן > הדום עם אחסון לצעצועים > הדום עם אחסון לצעצועים,קולקציות 2022,הדום עם אחסון לצעצועים
240,משקפי שמש עם כיסוי ממותג,קולקציות 2022 > קולקציות 2022 > איתן > איתן > משקפי שמש עם כיסוי ממותג > משקפי שמש עם כיסוי ממותג,קולקציות 2022,משקפי שמש עם כיסוי ממותג
245,כיסא חוף ממותג,קולקציות 2022 > קולקציות 2022 > איתן > איתן > כיסא חוף ממותג > כיסא חוף ממותג,קולקציות 2022,כיסא חוף ממותג
254,ספל פלסטיק לילדים,קולקציות 2022 > קולקציות 2022 > איתן > איתן > ספל פלסטיק לילדים > ספל פלסטיק לילדים,קולקציות 2022,ספל פלסטיק לילדים
272,תיק גן איכותי,קולקציות 2022 > קולקציות 2022 > איתן > איתן > תיק גן איכותי > תיק גן איכותי,קולקציות 2022,תיק גן איכותי
203,מגבת קפוצ'ון,קולקציות 2022 > קולקציות 2022 > אבשלום > אבשלום > מגבת קפוצ'ון > מגבת קפוצ'ון,קולקציות 2022,מגבת קפוצ'ון
212,בקבוק ספורט נירוסטה,קולקציות 2022 > קולקציות 2022 > אבשלום > אבשלום > בקבוק ספורט נירוסטה > בקבוק ספורט נירוסטה,קולקציות 2022,בקבוק ספורט נירוסטה
220,תיק שרוך,קולקציות 2022 > קולקציות 2022 > אבשלום > אבשלום > תיק שרוך > תיק שרוך,קולקציות 2022,תיק שרוך
237,משקפי שמש עם כיסוי ממותג,קולקציות 2022 > קולקציות 2022 > אבשלום > אבשלום > משקפי שמש עם כיסוי ממותג > משקפי שמש עם כיסוי ממותג,קולקציות 2022,משקפי שמש עם כיסוי ממותג
249,כיסא חוף ממותג,קולקציות 2022 > קולקציות 2022 > אבשלום > אבשלום > כיסא חוף ממותג > כיסא חוף ממותג,קולקציות 2022,כיסא חוף ממותג
266,תיק גן איכותי,קולקציות 2022 > קולקציות 2022 > אבשלום > אבשלום > תיק גן איכותי > תיק גן איכותי,קולקציות 2022,תיק גן איכותי
278,כורסא מתנפחת לילד,קולקציות 2022 > קולקציות 2022 > אבשלום > אבשלום > כורסא מתנפחת לילד > כורסא מתנפחת לילד,קולקציות 2022,כורסא מתנפחת לילד
204,מגבת קפוצ'ון,קולקציות 2022 > קולקציות 2022 > בר > בר > מגבת קפוצ'ון > מגבת קפוצ'ון,קולקציות 2022,מגבת קפוצ'ון
211,בקבוק ספורט נירוסטה,קולקציות 2022 > קולקציות 2022 > בר > בר > בקבוק ספורט נירוסטה > בקבוק ספורט נירוסטה,קולקציות 2022,בקבוק ספורט נירוסטה
217,תיק שרוך,קולקציות 2022 > קולקציות 2022 > בר > בר > תיק שרוך > תיק שרוך,קולקציות 2022,תיק שרוך
230,הדום עם אחסון לצעצועים,קולקציות 2022 > קולקציות 2022 > בר > בר > הדום עם אחסון לצעצועים > הדום עם אחסון לצעצועים,קולקציות 2022,הדום עם אחסון לצעצועים
238,משקפי שמש עם כיסוי ממותג,קולקציות 2022 > קולקציות 2022 > בר > בר > משקפי שמש עם כיסוי ממותג > משקפי שמש עם כיסוי ממותג,קולקציות 2022,משקפי שמש עם כיסוי ממותג
244,כיסא חוף ממותג,קולקציות 2022 > קולקציות 2022 > בר > בר > כיסא חוף ממותג > כיסא חוף ממותג,קולקציות 2022,כיסא חוף ממותג
252,ספל פלסטיק לילדים,קולקציות 2022 > קולקציות 2022 > בר > בר > ספל פלסטיק לילדים > ספל פלסטיק לילדים,קולקציות 2022,ספל פלסטיק לילדים
264,תיק גן איכותי,קולקציות 2022 > קולקציות 2022 > בר > בר > תיק גן איכותי > תיק גן איכותי,קולקציות 2022,תיק גן איכותי
274,כורסא מתנפחת לילד,קולקציות 2022 > קולקציות 2022 > בר > בר > כורסא מתנפחת לילד > כורסא מתנפחת לילד,קולקציות 2022,כורסא מתנפחת לילד
205,מגבת קפוצ'ון,קולקציות 2022 > קולקציות 2022 > אופיר > אופיר > מגבת קפוצ'ון > מגבת קפוצ'ון,קולקציות 2022,מגבת קפוצ'ון
210,בקבוק ספורט נירוסטה,קולקציות 2022 > קולקציות 2022 > אופיר > אופיר > בקבוק ספורט נירוסטה > בקבוק ספורט נירוסטה,קולקציות 2022,בקבוק ספורט נירוסטה
221,תיק שרוך,קולקציות 2022 > קולקציות 2022 > אופיר > אופיר > תיק שרוך > תיק שרוך,קולקציות 2022,תיק שרוך
239,משקפי שמש עם כיסוי ממותג,קולקציות 2022 > קולקציות 2022 > אופיר > אופיר > משקפי שמש עם כיסוי ממותג > משקפי שמש עם כיסוי ממותג,קולקציות 2022,משקפי שמש עם כיסוי ממותג
247,כיסא חוף ממותג,קולקציות 2022 > קולקציות 2022 > אופיר > אופיר > כיסא חוף ממותג > כיסא חוף ממותג,קולקציות 2022,כיסא חוף ממותג
206,מגבת קפוצ'ון,קולקציות 2022 > קולקציות 2022 > אריאל > אריאל > מגבת קפוצ'ון > מגבת קפוצ'ון,קולקציות 2022,מגבת קפוצ'ון
209,בקבוק ספורט נירוסטה,קולקציות 2022 > קולקציות 2022 > אריאל > אריאל > בקבוק ספורט נירוסטה > בקבוק ספורט נירוסטה,קולקציות 2022,בקבוק ספורט נירוסטה
218,תיק שרוך,קולקציות 2022 > קולקציות 2022 > אריאל > אריאל > תיק שרוך > תיק שרוך,קולקציות 2022,תיק שרוך
231,הדום עם אחסון לצעצועים,קולקציות 2022 > קולקציות 2022 > אריאל > אריאל > הדום עם אחסון לצעצועים > הדום עם אחסון לצעצועים,קולקציות 2022,הדום עם אחסון לצעצועים
235,משקפי שמש עם כיסוי ממותג,קולקציות 2022 > קולקציות 2022 > אריאל > אריאל > משקפי שמש עם כיסוי ממותג > משקפי שמש עם כיסוי ממותג,קולקציות 2022,משקפי שמש עם כיסוי ממותג
246,כיסא חוף ממותג,קולקציות 2022 > קולקציות 2022 > אריאל > אריאל > כיסא חוף ממותג > כיסא חוף ממותג,קולקציות 2022,כיסא חוף ממותג
257,תיק גן איכותי,קולקציות 2022 > קולקציות 2022 > אריאל > אריאל > תיק גן איכותי > תיק גן איכותי,קולקציות 2022,תיק גן איכותי
275,כורסא מתנפחת לילד,קולקציות 2022 > קולקציות 2022 > אריאל > אריאל > כורסא מתנפחת לילד > כורסא מתנפחת לילד,קולקציות 2022,כורסא מתנפחת לילד
207,מגבת קפוצ'ון,קולקציות 2022 > קולקציות 2022 > אנאבל > אנאבל > מגבת קפוצ'ון > מגבת קפוצ'ון,קולקציות 2022,מגבת קפוצ'ון
214,בקבוק ספורט נירוסטה,קולקציות 2022 > קולקציות 2022 > אנאבל > אנאבל > בקבוק ספורט נירוסטה > בקבוק ספורט נירוסטה,קולקציות 2022,בקבוק ספורט נירוסטה
225,תיק שרוך,קולקציות 2022 > קולקציות 2022 > אנאבל > אנאבל > תיק שרוך > תיק שרוך,קולקציות 2022,תיק שרוך
241,כיסא חוף ממותג,קולקציות 2022 > קולקציות 2022 > אנאבל > אנאבל > כיסא חוף ממותג > כיסא חוף ממותג,קולקציות 2022,כיסא חוף ממותג
255,ספל פלסטיק לילדים,קולקציות 2022 > קולקציות 2022 > אנאבל > אנאבל > ספל פלסטיק לילדים > ספל פלסטיק לילדים,קולקציות 2022,ספל פלסטיק לילדים
271,תיק גן איכותי,קולקציות 2022 > קולקציות 2022 > אנאבל > אנאבל > תיק גן איכותי > תיק גן איכותי,קולקציות 2022,תיק גן איכותי
213,בקבוק ספורט נירוסטה,קולקציות 2022 > קולקציות 2022 > הודיה > הודיה > בקבוק ספורט נירוסטה > בקבוק ספורט נירוסטה,קולקציות 2022,בקבוק ספורט נירוסטה
222,תיק שרוך,קולקציות 2022 > קולקציות 2022 > הודיה > הודיה > תיק שרוך > תיק שרוך,קולקציות 2022,תיק שרוך
232,משקפי שמש עם כיסוי ממותג,קולקציות 2022 > קולקציות 2022 > הודיה > הודיה > משקפי שמש עם כיסוי ממותג > משקפי שמש עם כיסוי ממותג,קולקציות 2022,משקפי שמש עם כיסוי ממותג
256,תיק גן איכותי,קולקציות 2022 > קולקציות 2022 > הודיה > הודיה > תיק גן איכותי > תיק גן איכותי,קולקציות 2022,תיק גן איכותי
277,כורסא מתנפחת לילד,קולקציות 2022 > קולקציות 2022 > הודיה > הודיה > כורסא מתנפחת לילד > כורסא מתנפחת לילד,קולקציות 2022,כורסא מתנפחת לילד
216,בקבוק ספורט נירוסטה,קולקציות 2022 > קולקציות 2022 > שחר > שחר > בקבוק ספורט נירוסטה > בקבוק ספורט נירוסטה,קולקציות 2022,בקבוק ספורט נירוסטה
224,תיק שרוך,קולקציות 2022 > קולקציות 2022 > שחר > שחר > תיק שרוך > תיק שרוך,קולקציות 2022,תיק שרוך
229,הדום עם אחסון לצעצועים,קולקציות 2022 > קולקציות 2022 > שחר > שחר > הדום עם אחסון לצעצועים > הדום עם אחסון לצעצועים,קולקציות 2022,הדום עם אחסון לצעצועים
233,משקפי שמש עם כיסוי ממותג,קולקציות 2022 > קולקציות 2022 > שחר > שחר > משקפי שמש עם כיסוי ממותג > משקפי שמש עם כיסוי ממותג,קולקציות 2022,משקפי שמש עם כיסוי ממותג
250,ספל פלסטיק לילדים,קולקציות 2022 > קולקציות 2022 > שחר > שחר > ספל פלסטיק לילדים > ספל פלסטיק לילדים,קולקציות 2022,ספל פלסטיק לילדים
270,תיק גן איכותי,קולקציות 2022 > קולקציות 2022 > שחר > שחר > תיק גן איכותי > תיק גן איכותי,קולקציות 2022,תיק גן איכותי
162,נרות חנוכה בשקית סאטן + סביבון פשוט,חגים ומועדים > חגים ומועדים > נרות חנוכה בשקית סאטן + סביבון פשוט > נרות חנוכה בשקית סאטן + סביבון פשוט,חגים ומועדים,נרות חנוכה בשקית סאטן + סביבון פשוט
167,מטריה מתקפלת,חגים ומועדים > חגים ומועדים > מטריה מתקפלת > מטריה מתקפלת,חגים ומועדים,מטריה מתקפלת
171,מארז חנוכיית אלומיניום + קופת קסמים וסביבון פשוט,חגים ומועדים > חגים ומועדים > מארז חנוכיית אלומיניום + קופת קסמים וסביבון פשוט > מארז חנוכיית אלומיניום + קופת קסמים וסביבון פשוט,חגים ומועדים,מארז חנוכיית אלומיניום + קופת קסמים וסביבון פשוט
27,כיפה / מטפחת עם שם,חגים ומועדים > חגים ומועדים > כיפה / מטפחת עם שם > כיפה / מטפחת עם שם,חגים ומועדים,כיפה / מטפחת עם שם
46,מחברת עם כריכת דמוי עור,חגים ומועדים > חגים ומועדים > מחברת עם כריכת דמוי עור > מחברת עם כריכת דמוי עור,חגים ומועדים,מחברת עם כריכת דמוי עור
51,בלוק עץ ברכת הבית,חגים ומועדים > חגים ומועדים > בלוק עץ ברכת הבית > בלוק עץ ברכת הבית,חגים ומועדים,בלוק עץ ברכת הבית
52,חולצה ליום העצמאות,חגים ומועדים > חגים ומועדים > חולצה ליום העצמאות > חולצה ליום העצמאות,חגים ומועדים,חולצה ליום העצמאות
54,העיר שלי - חולצה ליום העצמאות עם איור של הילד,חגים ומועדים > חגים ומועדים > העיר שלי - חולצה ליום העצמאות עם איור של הילד > העיר שלי - חולצה ליום העצמאות עם איור של הילד,חגים ומועדים,העיר שלי - חולצה ליום העצמאות עם איור של הילד
63,חולצה לצביעה ליום העצמאות,חגים ומועדים > חגים ומועדים > חולצה לצביעה ליום העצמאות > חולצה לצביעה ליום העצמאות,חגים ומועדים,חולצה לצביעה ליום העצמאות
65,כוס שמפניה עם כיתוב,חגים ומועדים > חגים ומועדים > כוס שמפניה עם כיתוב > כוס שמפניה עם כיתוב,חגים ומועדים,כוס שמפניה עם כיתוב
82,ספל פלסטיק לילדים,חגים ומועדים > חגים ומועדים > ספל פלסטיק לילדים > ספל פלסטיק לילדים,חגים ומועדים,ספל פלסטיק לילדים
97,שלט עץ לדלת,חגים ומועדים > חגים ומועדים > שלט עץ לדלת > שלט עץ לדלת,חגים ומועדים,שלט עץ לדלת
98,שלט אלומיניום לדלת,חגים ומועדים > חגים ומועדים > שלט אלומיניום לדלת > שלט אלומיניום לדלת,חגים ומועדים,שלט אלומיניום לדלת
162,נרות חנוכה בשקית סאטן + סביבון פשוט,חגים ומועדים > חגים ומועדים > חנוכה > חנוכה > נרות חנוכה בשקית סאטן + סביבון פשוט > נרות חנוכה בשקית סאטן + סביבון פשוט,חגים ומועדים,נרות חנוכה בשקית סאטן + סביבון פשוט
167,מטריה מתקפלת,חגים ומועדים > חגים ומועדים > חנוכה > חנוכה > מטריה מתקפלת > מטריה מתקפלת,חגים ומועדים,מטריה מתקפלת
169,מטריה צבעונית (ללא מיתוג),חגים ומועדים > חגים ומועדים > חנוכה > חנוכה > מטריה צבעונית (ללא מיתוג) > מטריה צבעונית (ללא מיתוג),חגים ומועדים,מטריה צבעונית (ללא מיתוג)
170,מיני חנוכיה,חגים ומועדים > חגים ומועדים > חנוכה > חנוכה > מיני חנוכיה > מיני חנוכיה,חגים ומועדים,מיני חנוכיה
171,מארז חנוכיית אלומיניום + קופת קסמים וסביבון פשוט,חגים ומועדים > חגים ומועדים > חנוכה > חנוכה > מארז חנוכיית אלומיניום + קופת קסמים וסביבון פשוט > מארז חנוכיית אלומיניום + קופת קסמים וסביבון פשוט,חגים ומועדים,מארז חנוכיית אלומיניום + קופת קסמים וסביבון פשוט
288,קופת חיסכון קרמיקה / מתכת,חגים ומועדים > חגים ומועדים > חנוכה > חנוכה > קופת חיסכון קרמיקה / מתכת > קופת חיסכון קרמיקה / מתכת,חגים ומועדים,קופת חיסכון קרמיקה / מתכת
184,משלוח מתנות מעוצב,חגים ומועדים > חגים ומועדים > פורים > פורים > משלוח מתנות מעוצב > משלוח מתנות מעוצב,חגים ומועדים,משלוח מתנות מעוצב
185,שקית של שמחה,חגים ומועדים > חגים ומועדים > פורים > פורים > שקית של שמחה > שקית של שמחה,חגים ומועדים,שקית של שמחה
186,שק מטבעות אישי,חגים ומועדים > חגים ומועדים > פורים > פורים > שק מטבעות אישי > שק מטבעות אישי,חגים ומועדים,שק מטבעות אישי
187,שקית סאטן למשלוח מנות,חגים ומועדים > חגים ומועדים > פורים > פורים > שקית סאטן למשלוח מנות > שקית סאטן למשלוח מנות,חגים ומועדים,שקית סאטן למשלוח מנות
40,תיק שרוך ניילון עם כיס,חגים ומועדים > חגים ומועדים > פורים > פורים > תיק שרוך ניילון עם כיס > תיק שרוך ניילון עם כיס,חגים ומועדים,תיק שרוך ניילון עם כיס
82,ספל פלסטיק לילדים,חגים ומועדים > חגים ומועדים > פורים > פורים > ספל פלסטיק לילדים > ספל פלסטיק לילדים,חגים ומועדים,ספל פלסטיק לילדים
190,שקית אפיקומן,חגים ומועדים > חגים ומועדים > פסח > פסח > שקית אפיקומן > שקית אפיקומן,חגים ומועדים,שקית אפיקומן
192,סינר אל בד לצביעה לפסח,חגים ומועדים > חגים ומועדים > פסח > פסח > סינר אל בד לצביעה לפסח > סינר אל בד לצביעה לפסח,חגים ומועדים,סינר אל בד לצביעה לפסח
193,שקית לאפיקומן אל בד לצביעה,חגים ומועדים > חגים ומועדים > פסח > פסח > שקית לאפיקומן אל בד לצביעה > שקית לאפיקומן אל בד לצביעה,חגים ומועדים,שקית לאפיקומן אל בד לצביעה
194,משחק זיכרון לפסח,חגים ומועדים > חגים ומועדים > פסח > פסח > משחק זיכרון לפסח > משחק זיכרון לפסח,חגים ומועדים,משחק זיכרון לפסח
197,מארז יצירה לפסח בתיק ממותג,חגים ומועדים > חגים ומועדים > פסח > פסח > מארז יצירה לפסח בתיק ממותג > מארז יצירה לפסח בתיק ממותג,חגים ומועדים,מארז יצירה לפסח בתיק ממותג
27,כיפה / מטפחת עם שם,חגים ומועדים > חגים ומועדים > פסח > פסח > כיפה / מטפחת עם שם > כיפה / מטפחת עם שם,חגים ומועדים,כיפה / מטפחת עם שם
29,הגדה + כיפה,חגים ומועדים > חגים ומועדים > פסח > פסח > הגדה + כיפה > הגדה + כיפה,חגים ומועדים,הגדה + כיפה
292,קרש חיתוך עם חריטה בלייזר,חגים ומועדים > חגים ומועדים > פסח > פסח > קרש חיתוך עם חריטה בלייזר > קרש חיתוך עם חריטה בלייזר,חגים ומועדים,קרש חיתוך עם חריטה בלייזר
32,הגדה + בלוק עץ,חגים ומועדים > חגים ומועדים > פסח > פסח > הגדה + בלוק עץ > הגדה + בלוק עץ,חגים ומועדים,הגדה + בלוק עץ
51,בלוק עץ ברכת הבית,חגים ומועדים > חגים ומועדים > פסח > פסח > בלוק עץ ברכת הבית > בלוק עץ ברכת הבית,חגים ומועדים,בלוק עץ ברכת הבית
177,מחזיק מפתחות מלבן,חגים ומועדים > חגים ומועדים > טו בשבט > טו בשבט > מחזיק מפתחות מלבן > מחזיק מפתחות מלבן,חגים ומועדים,מחזיק מפתחות מלבן
178,משחק מגנטים בלעדי,חגים ומועדים > חגים ומועדים > טו בשבט > טו בשבט > משחק מגנטים בלעדי > משחק מגנטים בלעדי,חגים ומועדים,משחק מגנטים בלעדי
179,עציץ מתכת ממותג,חגים ומועדים > חגים ומועדים > טו בשבט > טו בשבט > עציץ מתכת ממותג > עציץ מתכת ממותג,חגים ומועדים,עציץ מתכת ממותג
180,ערכת שתילה לקטנטנים,חגים ומועדים > חגים ומועדים > טו בשבט > טו בשבט > ערכת שתילה לקטנטנים > ערכת שתילה לקטנטנים,חגים ומועדים,ערכת שתילה לקטנטנים
294,מארז ספורט לילדים,חגים ומועדים > חגים ומועדים > שבועות > שבועות > מארז ספורט לילדים > מארז ספורט לילדים,חגים ומועדים,מארז ספורט לילדים
74,בקבוק ספורט נירוסטה ממותג,חגים ומועדים > חגים ומועדים > שבועות > שבועות > בקבוק ספורט נירוסטה ממותג > בקבוק ספורט נירוסטה ממותג,חגים ומועדים,בקבוק ספורט נירוסטה ממותג
82,ספל פלסטיק לילדים,חגים ומועדים > חגים ומועדים > שבועות > שבועות > ספל פלסטיק לילדים > ספל פלסטיק לילדים,חגים ומועדים,ספל פלסטיק לילדים
99,מארז קיצי לילדים,חגים ומועדים > חגים ומועדים > שבועות > שבועות > מארז קיצי לילדים > מארז קיצי לילדים,חגים ומועדים,מארז קיצי לילדים
153,שעון מעורר מחליף צבעים,חגים ומועדים > חגים ומועדים > יום המשפחה > יום המשפחה > שעון מעורר מחליף צבעים > שעון מעורר מחליף צבעים,חגים ומועדים,שעון מעורר מחליף צבעים
167,מטריה מתקפלת,חגים ומועדים > חגים ומועדים > יום המשפחה > יום המשפחה > מטריה מתקפלת > מטריה מתקפלת,חגים ומועדים,מטריה מתקפלת
173,פד לעכבר עם ציור הילד,חגים ומועדים > חגים ומועדים > יום המשפחה > יום המשפחה > פד לעכבר עם ציור הילד > פד לעכבר עם ציור הילד,חגים ומועדים,פד לעכבר עם ציור הילד
174,רשימת קניות למקרר עם תמונה ומגנט,חגים ומועדים > חגים ומועדים > יום המשפחה > יום המשפחה > רשימת קניות למקרר עם תמונה ומגנט > רשימת קניות למקרר עם תמונה ומגנט,חגים ומועדים,רשימת קניות למקרר עם תמונה ומגנט
175,ספל ליום המשפחה,חגים ומועדים > חגים ומועדים > יום המשפחה > יום המשפחה > ספל ליום המשפחה > ספל ליום המשפחה,חגים ומועדים,ספל ליום המשפחה
176,סט 4 תחתיות לספלים עם משפטי השראה,חגים ומועדים > חגים ומועדים > יום המשפחה > יום המשפחה > סט 4 תחתיות לספלים עם משפטי השראה > סט 4 תחתיות לספלים עם משפטי השראה,חגים ומועדים,סט 4 תחתיות לספלים עם משפטי השראה
177,מחזיק מפתחות מלבן,חגים ומועדים > חגים ומועדים > יום המשפחה > יום המשפחה > מחזיק מפתחות מלבן > מחזיק מפתחות מלבן,חגים ומועדים,מחזיק מפתחות מלבן
21,כדור שלג לבבות,חגים ומועדים > חגים ומועדים > יום המשפחה > יום המשפחה > כדור שלג לבבות > כדור שלג לבבות,חגים ומועדים,כדור שלג לבבות
22,שלט עץ טבעי לבית,חגים ומועדים > חגים ומועדים > יום המשפחה > יום המשפחה > שלט עץ טבעי לבית > שלט עץ טבעי לבית,חגים ומועדים,שלט עץ טבעי לבית
23,בלוק עץ 15*10 הדפסה ישירה,חגים ומועדים > חגים ומועדים > יום המשפחה > יום המשפחה > בלוק עץ 15*10 הדפסה ישירה > בלוק עץ 15*10 הדפסה ישירה,חגים ומועדים,בלוק עץ 15*10 הדפסה ישירה
24,חוקי הבית - הדפסה על אלומיניום עם מגנט,חגים ומועדים > חגים ומועדים > יום המשפחה > יום המשפחה > חוקי הבית - הדפסה על אלומיניום עם מגנט > חוקי הבית - הדפסה על אלומיניום עם מגנט,חגים ומועדים,חוקי הבית - הדפסה על אלומיניום עם מגנט
28,פאזל עץ עם תמונת הילד,חגים ומועדים > חגים ומועדים > יום המשפחה > יום המשפחה > פאזל עץ עם תמונת הילד > פאזל עץ עם תמונת הילד,חגים ומועדים,פאזל עץ עם תמונת הילד
286,תמונה במסגרת לתליה - אפקט גרפיטי,חגים ומועדים > חגים ומועדים > יום המשפחה > יום המשפחה > תמונה במסגרת לתליה - אפקט גרפיטי > תמונה במסגרת לתליה - אפקט גרפיטי,חגים ומועדים,תמונה במסגרת לתליה - אפקט גרפיטי
289,בלוק עץ קריקטורה,חגים ומועדים > חגים ומועדים > יום המשפחה > יום המשפחה > בלוק עץ קריקטורה > בלוק עץ קריקטורה,חגים ומועדים,בלוק עץ קריקטורה
290,משחק קופסה בלעדי! - החברים שלי,חגים ומועדים > חגים ומועדים > יום המשפחה > יום המשפחה > משחק קופסה בלעדי! - החברים שלי > משחק קופסה בלעדי! - החברים שלי,חגים ומועדים,משחק קופסה בלעדי! - החברים שלי
291,עץ ריח עם תמונה,חגים ומועדים > חגים ומועדים > יום המשפחה > יום המשפחה > עץ ריח עם תמונה > עץ ריח עם תמונה,חגים ומועדים,עץ ריח עם תמונה
330,מסגרת שלג קריסטל,חגים ומועדים > חגים ומועדים > יום המשפחה > יום המשפחה > מסגרת שלג קריסטל > מסגרת שלג קריסטל,חגים ומועדים,מסגרת שלג קריסטל
332,מסגרת תמונה LOVE,חגים ומועדים > חגים ומועדים > יום המשפחה > יום המשפחה > מסגרת תמונה LOVE > מסגרת תמונה LOVE,חגים ומועדים,מסגרת תמונה LOVE
333,מסגרת תמונה LOVE,חגים ומועדים > חגים ומועדים > יום המשפחה > יום המשפחה > מסגרת תמונה LOVE > מסגרת תמונה LOVE,חגים ומועדים,מסגרת תמונה LOVE
42,שעון עץ לתליה,חגים ומועדים > חגים ומועדים > יום המשפחה > יום המשפחה > שעון עץ לתליה > שעון עץ לתליה,חגים ומועדים,שעון עץ לתליה
51,בלוק עץ ברכת הבית,חגים ומועדים > חגים ומועדים > יום המשפחה > יום המשפחה > בלוק עץ ברכת הבית > בלוק עץ ברכת הבית,חגים ומועדים,בלוק עץ ברכת הבית
61,מעמד לתמונה מעוצב,חגים ומועדים > חגים ומועדים > יום המשפחה > יום המשפחה > מעמד לתמונה מעוצב > מעמד לתמונה מעוצב,חגים ומועדים,מעמד לתמונה מעוצב
62,מחזיק מפתחות לב,חגים ומועדים > חגים ומועדים > יום המשפחה > יום המשפחה > מחזיק מפתחות לב > מחזיק מפתחות לב,חגים ומועדים,מחזיק מפתחות לב
82,ספל פלסטיק לילדים,חגים ומועדים > חגים ומועדים > יום המשפחה > יום המשפחה > ספל פלסטיק לילדים > ספל פלסטיק לילדים,חגים ומועדים,ספל פלסטיק לילדים
95,ציפית לכרית,חגים ומועדים > חגים ומועדים > יום המשפחה > יום המשפחה > ציפית לכרית > ציפית לכרית,חגים ומועדים,ציפית לכרית
97,שלט עץ לדלת,חגים ומועדים > חגים ומועדים > יום המשפחה > יום המשפחה > שלט עץ לדלת > שלט עץ לדלת,חגים ומועדים,שלט עץ לדלת
98,שלט אלומיניום לדלת,חגים ומועדים > חגים ומועדים > יום המשפחה > יום המשפחה > שלט אלומיניום לדלת > שלט אלומיניום לדלת,חגים ומועדים,שלט אלומיניום לדלת
195,תיק אלבד + פטיש מתנפח ודגל,חגים ומועדים > חגים ומועדים > יום העצמאות > יום העצמאות > תיק אלבד + פטיש מתנפח ודגל > תיק אלבד + פטיש מתנפח ודגל,חגים ומועדים,תיק אלבד + פטיש מתנפח ודגל
52,חולצה ליום העצמאות,חגים ומועדים > חגים ומועדים > יום העצמאות > יום העצמאות > חולצה ליום העצמאות > חולצה ליום העצמאות,חגים ומועדים,חולצה ליום העצמאות
54,העיר שלי - חולצה ליום העצמאות עם איור של הילד,חגים ומועדים > חגים ומועדים > יום העצמאות > יום העצמאות > העיר שלי - חולצה ליום העצמאות עם איור של הילד > העיר שלי - חולצה ליום העצמאות עם איור של הילד,חגים ומועדים,העיר שלי - חולצה ליום העצמאות עם איור של הילד
63,חולצה לצביעה ליום העצמאות,חגים ומועדים > חגים ומועדים > יום העצמאות > יום העצמאות > חולצה לצביעה ליום העצמאות > חולצה לצביעה ליום העצמאות,חגים ומועדים,חולצה לצביעה ליום העצמאות
176,סט 4 תחתיות לספלים עם משפטי השראה,ראש השנה > ראש השנה > סט 4 תחתיות לספלים עם משפטי השראה > סט 4 תחתיות לספלים עם משפטי השראה,ראש השנה,סט 4 תחתיות לספלים עם משפטי השראה
177,מחזיק מפתחות מלבן,ראש השנה > ראש השנה > מחזיק מפתחות מלבן > מחזיק מפתחות מלבן,ראש השנה,מחזיק מפתחות מלבן
24,חוקי הבית - הדפסה על אלומיניום עם מגנט,ראש השנה > ראש השנה > חוקי הבית - הדפסה על אלומיניום עם מגנט > חוקי הבית - הדפסה על אלומיניום עם מגנט,ראש השנה,חוקי הבית - הדפסה על אלומיניום עם מגנט
